popularity,duration_ms,explicit,danceability,energy,key,loudness,mode,speechiness,acousticness,instrumentalness,liveness,valence,tempo,time_signature,track_genre
77,230613,FALSE,0.509,0.448,4,-7.552,0,0.0357,0.00713,0.0137,0.244,0.221,156.909,3,blues
79,208760,FALSE,0.636,0.676,2,-3.442,1,0.0263,0.0807,0,0.0831,0.273,113.98,4,blues
76,180690,FALSE,0.573,0.539,2,-6.091,0,0.0322,0.0162,1.16e-05,0.105,0.39,75.012,4,blues
84,232106,FALSE,0.743,0.446,4,-7.807,0,0.0683,0.0039,0.118,0.337,0.278,123.596,4,blues
76,225026,FALSE,0.572,0.214,7,-15.625,1,0.0293,0.649,0.129,0.125,0.485,95.542,4,blues
65,243329,FALSE,0.691,0.841,8,-7.026,0,0.0436,0.00438,4.44e-05,0.31,0.755,92.025,4,blues
1,268040,FALSE,0.27,0.577,0,-8.195,1,0.0573,0.755,0.123,0.139,0.362,170.254,4,blues
0,240773,FALSE,0.579,0.409,0,-10.095,1,0.0268,0.624,1.83e-05,0.18,0.526,109.417,3,blues
2,285373,FALSE,0.614,0.724,7,-7.521,1,0.0247,0.217,0.000256,0.146,0.902,97.863,4,blues
0,285373,FALSE,0.614,0.724,7,-7.521,1,0.0247,0.217,0.000256,0.146,0.902,97.863,4,blues
1,287426,FALSE,0.419,0.737,9,-7.09,1,0.0364,0.204,0.00716,0.24,0.595,157.991,4,blues
0,175986,FALSE,0.593,0.287,1,-12.472,1,0.0469,0.764,0,0.153,0.639,77.117,4,blues
1,175853,FALSE,0.74,0.322,0,-9.26,1,0.0399,0.551,0.000767,0.17,0.628,102.889,4,blues
0,191533,FALSE,0.863,0.624,3,-5.637,1,0.0375,0.54,8.43e-06,0.03,0.958,105.49,4,blues
1,197106,FALSE,0.549,0.891,6,-4.044,1,0.0351,0.0141,0.00323,0.0661,0.508,111.996,4,blues
0,143093,FALSE,0.699,0.726,7,-5.364,1,0.0726,0.575,0,0.655,0.877,119.185,4,blues
0,160840,FALSE,0.537,0.521,3,-11.326,1,0.0606,0.56,0.00665,0.0879,0.961,199.362,4,blues
0,155560,FALSE,0.71,0.291,5,-14.132,0,0.0338,0.35,0,0.128,0.856,101.517,4,blues
0,197106,FALSE,0.549,0.891,6,-4.044,1,0.0351,0.0141,0.00323,0.0661,0.508,111.996,4,blues
0,155560,FALSE,0.71,0.291,5,-14.132,0,0.0338,0.35,0,0.128,0.856,101.517,4,blues
0,155560,FALSE,0.71,0.291,5,-14.132,0,0.0338,0.35,0,0.128,0.856,101.517,4,blues
0,175986,FALSE,0.593,0.287,1,-12.472,1,0.0469,0.764,0,0.153,0.639,77.117,4,blues
0,253413,FALSE,0.527,0.786,5,-8.01,1,0.0362,0.000153,0.00271,0.085,0.343,125.117,4,blues
0,131733,FALSE,0.579,0.502,8,-7.57,1,0.0513,0.733,0,0.281,0.836,76.783,4,blues
0,131733,FALSE,0.579,0.502,8,-7.57,1,0.0513,0.733,0,0.281,0.836,76.783,4,blues
0,218986,FALSE,0.557,0.665,6,-6.19,0,0.0328,0.321,0.000281,0.0713,0.437,75.803,4,blues
0,155560,FALSE,0.71,0.291,5,-14.132,0,0.0338,0.35,0,0.128,0.856,101.517,4,blues
0,173906,FALSE,0.751,0.467,10,-9.535,1,0.327,0.303,0,0.163,0.774,118.11,4,blues
0,175986,FALSE,0.593,0.287,1,-12.472,1,0.0469,0.764,0,0.153,0.639,77.117,4,blues
0,155560,FALSE,0.71,0.291,5,-14.132,0,0.0338,0.35,0,0.128,0.856,101.517,4,blues
0,152933,FALSE,0.746,0.458,11,-8.844,1,0.0312,0.0631,0,0.167,0.942,100.429,4,blues
0,155560,FALSE,0.71,0.291,5,-14.132,0,0.0338,0.35,0,0.128,0.856,101.517,4,blues
0,160226,FALSE,0.565,0.962,8,-2.981,1,0.064,0.437,0,0.056,0.906,148.804,4,blues
0,152933,FALSE,0.746,0.458,11,-8.844,1,0.0312,0.0631,0,0.167,0.942,100.429,4,blues
0,131733,FALSE,0.579,0.502,8,-7.57,1,0.0513,0.733,0,0.281,0.836,76.783,4,blues
0,195933,FALSE,0.607,0.381,9,-10.821,1,0.0735,0.475,2.35e-05,0.105,0.703,167.423,4,blues
0,131733,FALSE,0.579,0.502,8,-7.57,1,0.0513,0.733,0,0.281,0.836,76.783,4,blues
0,175653,FALSE,0.508,0.535,9,-5.632,1,0.0272,0.565,0.000388,0.196,0.162,74.682,3,blues
0,181666,FALSE,0.499,0.246,9,-12.806,1,0.0325,0.7,0.00227,0.0965,0.152,148.482,3,blues
0,152933,FALSE,0.746,0.458,11,-8.844,1,0.0312,0.0631,0,0.167,0.942,100.429,4,blues
0,152933,FALSE,0.746,0.458,11,-8.844,1,0.0312,0.0631,0,0.167,0.942,100.429,4,blues
0,143093,FALSE,0.699,0.726,7,-5.364,1,0.0726,0.575,0,0.655,0.877,119.185,4,blues
1,285373,FALSE,0.614,0.724,7,-7.521,1,0.0247,0.217,0.000256,0.146,0.902,97.863,4,blues
0,143093,FALSE,0.699,0.726,7,-5.364,1,0.0726,0.575,0,0.655,0.877,119.185,4,blues
0,152933,FALSE,0.746,0.458,11,-8.844,1,0.0312,0.0631,0,0.167,0.942,100.429,4,blues
0,171773,FALSE,0.596,0.315,8,-9.175,1,0.0428,0.961,0,0.258,0.64,119.935,4,blues
0,171773,FALSE,0.596,0.315,8,-9.175,1,0.0428,0.961,0,0.258,0.64,119.935,4,blues
0,189356,FALSE,0.597,0.702,11,-4.767,1,0.0445,0.0197,0.01,0.125,0.645,83.507,4,blues
1,285373,FALSE,0.614,0.724,7,-7.521,1,0.0247,0.217,0.000256,0.146,0.902,97.863,4,blues
0,285373,FALSE,0.614,0.724,7,-7.521,1,0.0247,0.217,0.000256,0.146,0.902,97.863,4,blues
4,131733,FALSE,0.579,0.502,8,-7.57,1,0.0513,0.733,0,0.281,0.836,76.783,4,blues
0,225160,FALSE,0.401,0.368,7,-10.511,1,0.0452,0.822,0,0.0674,0.681,159.844,4,blues
0,131733,FALSE,0.579,0.502,8,-7.57,1,0.0513,0.733,0,0.281,0.836,76.783,4,blues
0,131733,FALSE,0.579,0.502,8,-7.57,1,0.0513,0.733,0,0.281,0.836,76.783,4,blues
0,175986,FALSE,0.593,0.287,1,-12.472,1,0.0469,0.764,0,0.153,0.639,77.117,4,blues
0,131733,FALSE,0.579,0.502,8,-7.57,1,0.0513,0.733,0,0.281,0.836,76.783,4,blues
0,131733,FALSE,0.579,0.502,8,-7.57,1,0.0513,0.733,0,0.281,0.836,76.783,4,blues
0,131733,FALSE,0.579,0.502,8,-7.57,1,0.0513,0.733,0,0.281,0.836,76.783,4,blues
0,211720,FALSE,0.329,0.139,5,-11.934,1,0.0407,0.949,0,0.117,0.183,169.608,5,blues
0,175986,FALSE,0.593,0.287,1,-12.472,1,0.0469,0.764,0,0.153,0.639,77.117,4,blues
1,171773,FALSE,0.596,0.315,8,-9.175,1,0.0428,0.961,0,0.258,0.64,119.935,4,blues
0,131733,FALSE,0.579,0.502,8,-7.57,1,0.0513,0.733,0,0.281,0.836,76.783,4,blues
0,131733,FALSE,0.579,0.502,8,-7.57,1,0.0513,0.733,0,0.281,0.836,76.783,4,blues
0,131733,FALSE,0.579,0.502,8,-7.57,1,0.0513,0.733,0,0.281,0.836,76.783,4,blues
0,131733,FALSE,0.579,0.502,8,-7.57,1,0.0513,0.733,0,0.281,0.836,76.783,4,blues
0,131733,FALSE,0.579,0.502,8,-7.57,1,0.0513,0.733,0,0.281,0.836,76.783,4,blues
0,137026,FALSE,0.499,0.339,8,-8.929,1,0.061,0.917,0,0.0784,0.656,116.269,4,blues
0,131733,FALSE,0.579,0.502,8,-7.57,1,0.0513,0.733,0,0.281,0.836,76.783,4,blues
0,131733,FALSE,0.579,0.502,8,-7.57,1,0.0513,0.733,0,0.281,0.836,76.783,4,blues
0,171773,FALSE,0.596,0.315,8,-9.175,1,0.0428,0.961,0,0.258,0.64,119.935,4,blues
0,175986,FALSE,0.593,0.287,1,-12.472,1,0.0469,0.764,0,0.153,0.639,77.117,4,blues
0,171773,FALSE,0.596,0.315,8,-9.175,1,0.0428,0.961,0,0.258,0.64,119.935,4,blues
0,171773,FALSE,0.596,0.315,8,-9.175,1,0.0428,0.961,0,0.258,0.64,119.935,4,blues
0,277706,FALSE,0.551,0.232,3,-13.619,1,0.0782,0.626,0,0.13,0.394,103.308,4,blues
0,168146,FALSE,0.258,0.175,0,-11.903,1,0.0323,0.939,0.000156,0.136,0.107,89.072,3,blues
1,175840,FALSE,0.609,0.247,7,-9.038,1,0.0425,0.961,2.41e-06,0.219,0.485,112.3,4,blues
0,353647,FALSE,0.665,0.443,0,-8.076,1,0.0803,0.582,0,0.113,0.662,122.872,4,blues
0,181186,FALSE,0.415,0.212,8,-15.848,1,0.0318,0.785,0,0.325,0.338,92.988,4,blues
0,175986,FALSE,0.593,0.287,1,-12.472,1,0.0469,0.764,0,0.153,0.639,77.117,4,blues
0,175986,FALSE,0.593,0.287,1,-12.472,1,0.0469,0.764,0,0.153,0.639,77.117,4,blues
0,171773,FALSE,0.596,0.315,8,-9.175,1,0.0428,0.961,0,0.258,0.64,119.935,4,blues
0,131733,FALSE,0.579,0.502,8,-7.57,1,0.0513,0.733,0,0.281,0.836,76.783,4,blues
0,353647,FALSE,0.665,0.443,0,-8.076,1,0.0803,0.582,0,0.113,0.662,122.872,4,blues
0,175986,FALSE,0.593,0.287,1,-12.472,1,0.0469,0.764,0,0.153,0.639,77.117,4,blues
0,424317,FALSE,0.422,0.108,5,-16.835,1,0.0376,0.971,0,0.101,0.263,71.872,4,blues
0,171773,FALSE,0.596,0.315,8,-9.175,1,0.0428,0.961,0,0.258,0.64,119.935,4,blues
0,175986,FALSE,0.593,0.287,1,-12.472,1,0.0469,0.764,0,0.153,0.639,77.117,4,blues
0,187026,FALSE,0.85,0.532,1,-6.854,1,0.0576,0.768,0,0.358,0.866,120.905,4,blues
0,197573,FALSE,0.626,0.248,11,-12.898,0,0.061,0.827,0,0.0965,0.639,80.542,4,blues
0,175986,FALSE,0.593,0.287,1,-12.472,1,0.0469,0.764,0,0.153,0.639,77.117,4,blues
0,187026,FALSE,0.85,0.532,1,-6.854,1,0.0576,0.768,0,0.358,0.866,120.905,4,blues
0,175986,FALSE,0.593,0.287,1,-12.472,1,0.0469,0.764,0,0.153,0.639,77.117,4,blues
0,175986,FALSE,0.593,0.287,1,-12.472,1,0.0469,0.764,0,0.153,0.639,77.117,4,blues
0,131733,FALSE,0.579,0.502,8,-7.57,1,0.0513,0.733,0,0.281,0.836,76.783,4,blues
0,175280,FALSE,0.595,0.318,7,-7.181,1,0.036,0.951,1.11e-06,0.28,0.536,112.718,4,blues
0,175986,FALSE,0.593,0.287,1,-12.472,1,0.0469,0.764,0,0.153,0.639,77.117,4,blues
0,163040,FALSE,0.574,0.414,9,-7.16,0,0.0495,0.842,0,0.172,0.867,77.968,4,blues
0,187693,FALSE,0.45,0.25,0,-8.333,1,0.096,0.909,0,0.131,0.377,82.108,4,blues
0,163040,FALSE,0.574,0.414,9,-7.16,0,0.0495,0.842,0,0.172,0.867,77.968,4,blues
0,131733,FALSE,0.579,0.502,8,-7.57,1,0.0513,0.733,0,0.281,0.836,76.783,4,blues
1,197680,FALSE,0.469,0.199,5,-12.5,1,0.0316,0.889,0,0.115,0.21,112.185,3,blues
0,165800,FALSE,0.283,0.0264,4,-19.612,0,0.0426,0.925,0,0.136,0.231,170.182,3,blues
3,175986,FALSE,0.593,0.287,1,-12.472,1,0.0469,0.764,0,0.153,0.639,77.117,4,blues
2,131733,FALSE,0.579,0.502,8,-7.57,1,0.0513,0.733,0,0.281,0.836,76.783,4,blues
0,219600,FALSE,0.427,0.0916,0,-15.364,1,0.039,0.977,0.000235,0.0855,0.111,100.7,1,blues
0,131733,FALSE,0.579,0.502,8,-7.57,1,0.0513,0.733,0,0.281,0.836,76.783,4,blues
0,175986,FALSE,0.593,0.287,1,-12.472,1,0.0469,0.764,0,0.153,0.639,77.117,4,blues
0,131733,FALSE,0.579,0.502,8,-7.57,1,0.0513,0.733,0,0.281,0.836,76.783,4,blues
0,168146,FALSE,0.258,0.175,0,-11.903,1,0.0323,0.939,0.000156,0.136,0.107,89.072,3,blues
0,175986,FALSE,0.593,0.287,1,-12.472,1,0.0469,0.764,0,0.153,0.639,77.117,4,blues
0,187693,FALSE,0.45,0.25,0,-8.333,1,0.096,0.909,0,0.131,0.377,82.108,4,blues
0,171773,FALSE,0.596,0.315,8,-9.175,1,0.0428,0.961,0,0.258,0.64,119.935,4,blues
0,131733,FALSE,0.579,0.502,8,-7.57,1,0.0513,0.733,0,0.281,0.836,76.783,4,blues
0,131733,FALSE,0.579,0.502,8,-7.57,1,0.0513,0.733,0,0.281,0.836,76.783,4,blues
0,175986,FALSE,0.593,0.287,1,-12.472,1,0.0469,0.764,0,0.153,0.639,77.117,4,blues
0,131733,FALSE,0.579,0.502,8,-7.57,1,0.0513,0.733,0,0.281,0.836,76.783,4,blues
0,131733,FALSE,0.579,0.502,8,-7.57,1,0.0513,0.733,0,0.281,0.836,76.783,4,blues
0,137026,FALSE,0.499,0.339,8,-8.929,1,0.061,0.917,0,0.0784,0.656,116.269,4,blues
0,131733,FALSE,0.579,0.502,8,-7.57,1,0.0513,0.733,0,0.281,0.836,76.783,4,blues
0,171773,FALSE,0.596,0.315,8,-9.175,1,0.0428,0.961,0,0.258,0.64,119.935,4,blues
0,175986,FALSE,0.593,0.287,1,-12.472,1,0.0469,0.764,0,0.153,0.639,77.117,4,blues
0,137026,FALSE,0.499,0.339,8,-8.929,1,0.061,0.917,0,0.0784,0.656,116.269,4,blues
0,131733,FALSE,0.579,0.502,8,-7.57,1,0.0513,0.733,0,0.281,0.836,76.783,4,blues
0,131733,FALSE,0.579,0.502,8,-7.57,1,0.0513,0.733,0,0.281,0.836,76.783,4,blues
0,131733,FALSE,0.579,0.502,8,-7.57,1,0.0513,0.733,0,0.281,0.836,76.783,4,blues
1,187026,FALSE,0.85,0.532,1,-6.854,1,0.0576,0.768,0,0.358,0.866,120.905,4,blues
0,190306,FALSE,0.516,0.491,0,-9.682,1,0.0778,0.617,0,0.149,0.788,110.526,4,blues
0,171773,FALSE,0.596,0.315,8,-9.175,1,0.0428,0.961,0,0.258,0.64,119.935,4,blues
0,131733,FALSE,0.579,0.502,8,-7.57,1,0.0513,0.733,0,0.281,0.836,76.783,4,blues
0,248197,FALSE,0.287,0.131,7,-19.807,1,0.0777,0.896,0,0.0988,0.19,72.627,4,blues
0,168146,FALSE,0.258,0.175,0,-11.903,1,0.0323,0.939,0.000156,0.136,0.107,89.072,3,blues
0,171773,FALSE,0.596,0.315,8,-9.175,1,0.0428,0.961,0,0.258,0.64,119.935,4,blues
0,175986,FALSE,0.593,0.287,1,-12.472,1,0.0469,0.764,0,0.153,0.639,77.117,4,blues
0,424317,FALSE,0.422,0.108,5,-16.835,1,0.0376,0.971,0,0.101,0.263,71.872,4,blues
0,171773,FALSE,0.596,0.315,8,-9.175,1,0.0428,0.961,0,0.258,0.64,119.935,4,blues
0,168146,FALSE,0.258,0.175,0,-11.903,1,0.0323,0.939,0.000156,0.136,0.107,89.072,3,blues
0,175986,FALSE,0.593,0.287,1,-12.472,1,0.0469,0.764,0,0.153,0.639,77.117,4,blues
0,181186,FALSE,0.415,0.212,8,-15.848,1,0.0318,0.785,0,0.325,0.338,92.988,4,blues
0,163706,FALSE,0.638,0.0767,10,-13.98,1,0.0588,0.937,0,0.121,0.599,114.353,4,blues
0,175986,FALSE,0.593,0.287,1,-12.472,1,0.0469,0.764,0,0.153,0.639,77.117,4,blues
0,175986,FALSE,0.593,0.287,1,-12.472,1,0.0469,0.764,0,0.153,0.639,77.117,4,blues
0,175986,FALSE,0.593,0.287,1,-12.472,1,0.0469,0.764,0,0.153,0.639,77.117,4,blues
0,175986,FALSE,0.593,0.287,1,-12.472,1,0.0469,0.764,0,0.153,0.639,77.117,4,blues
0,175986,FALSE,0.593,0.287,1,-12.472,1,0.0469,0.764,0,0.153,0.639,77.117,4,blues
0,175986,FALSE,0.593,0.287,1,-12.472,1,0.0469,0.764,0,0.153,0.639,77.117,4,blues
0,175986,FALSE,0.593,0.287,1,-12.472,1,0.0469,0.764,0,0.153,0.639,77.117,4,blues
0,353647,FALSE,0.665,0.443,0,-8.076,1,0.0803,0.582,0,0.113,0.662,122.872,4,blues
0,175986,FALSE,0.593,0.287,1,-12.472,1,0.0469,0.764,0,0.153,0.639,77.117,4,blues
0,171773,FALSE,0.596,0.315,8,-9.175,1,0.0428,0.961,0,0.258,0.64,119.935,4,blues
0,424317,FALSE,0.422,0.108,5,-16.835,1,0.0376,0.971,0,0.101,0.263,71.872,4,blues
68,169758,FALSE,0.553,0.89,0,-4.879,1,0.0413,0.123,0,0.139,0.674,87.871,4,blues
74,229346,FALSE,0.44,0.778,1,-1.786,0,0.0327,0.0265,1.04e-06,0.151,0.304,148.038,4,blues
51,169758,FALSE,0.553,0.89,0,-4.879,1,0.0413,0.123,0,0.139,0.674,87.871,4,blues
60,205714,FALSE,0.615,0.423,7,-10.157,1,0.0368,0.0542,0,0.106,0.254,70.017,4,blues
74,175493,FALSE,0.636,0.849,0,-7.075,1,0.106,0.0438,0,0.372,0.917,156.036,4,blues
0,187773,FALSE,0.258,0.35,3,-9.148,1,0.0307,0.716,0,0.228,0.448,177.546,3,blues
1,209578,FALSE,0.445,0.0553,11,-10.806,0,0.053,0.938,0,0.0865,0.22,87.228,1,blues
0,291440,FALSE,0.498,0.533,10,-7.337,1,0.0245,0.261,0.0471,0.314,0.288,96.459,3,blues
0,182533,FALSE,0.169,0.347,10,-8.785,1,0.0309,0.692,0.000432,0.337,0.256,176.118,3,blues
0,182533,FALSE,0.169,0.347,10,-8.785,1,0.0309,0.692,0.000432,0.337,0.256,176.118,3,blues
1,175021,FALSE,0.428,0.414,7,-5.729,0,0.0403,0.897,0,0.238,0.508,79.108,4,blues
0,156266,FALSE,0.429,0.477,6,-6.225,0,0.0311,0.766,0.000638,0.16,0.327,88.534,3,blues
0,180933,FALSE,0.523,0.319,2,-11.024,1,0.0388,0.839,1.75e-05,0.118,0.398,75.458,4,blues
0,162897,FALSE,0.647,0.876,10,-5.662,1,0.185,0.881,3.59e-05,0.26,0.949,151.925,4,blues
0,162897,FALSE,0.647,0.876,10,-5.662,1,0.185,0.881,3.59e-05,0.26,0.949,151.925,4,blues
0,162897,FALSE,0.647,0.876,10,-5.662,1,0.185,0.881,3.59e-05,0.26,0.949,151.925,4,blues
0,162897,FALSE,0.647,0.876,10,-5.662,1,0.185,0.881,3.59e-05,0.26,0.949,151.925,4,blues
0,156266,FALSE,0.429,0.477,6,-6.225,0,0.0311,0.766,0.000638,0.16,0.327,88.534,3,blues
1,162897,FALSE,0.647,0.876,10,-5.662,1,0.185,0.881,3.59e-05,0.26,0.949,151.925,4,blues
0,198866,FALSE,0.434,0.3,0,-8.768,1,0.0286,0.832,0,0.143,0.481,84.899,4,blues
0,175986,FALSE,0.593,0.287,1,-12.472,1,0.0469,0.764,0,0.153,0.639,77.117,4,blues
0,156266,FALSE,0.429,0.477,6,-6.225,0,0.0311,0.766,0.000638,0.16,0.327,88.534,3,blues
0,162897,FALSE,0.647,0.876,10,-5.662,1,0.185,0.881,3.59e-05,0.26,0.949,151.925,4,blues
0,162897,FALSE,0.647,0.876,10,-5.662,1,0.185,0.881,3.59e-05,0.26,0.949,151.925,4,blues
0,162897,FALSE,0.647,0.876,10,-5.662,1,0.185,0.881,3.59e-05,0.26,0.949,151.925,4,blues
0,162897,FALSE,0.647,0.876,10,-5.662,1,0.185,0.881,3.59e-05,0.26,0.949,151.925,4,blues
0,162897,FALSE,0.647,0.876,10,-5.662,1,0.185,0.881,3.59e-05,0.26,0.949,151.925,4,blues
0,162897,FALSE,0.647,0.876,10,-5.662,1,0.185,0.881,3.59e-05,0.26,0.949,151.925,4,blues
0,131733,FALSE,0.579,0.502,8,-7.57,1,0.0513,0.733,0,0.281,0.836,76.783,4,blues
0,131733,FALSE,0.579,0.502,8,-7.57,1,0.0513,0.733,0,0.281,0.836,76.783,4,blues
0,131733,FALSE,0.579,0.502,8,-7.57,1,0.0513,0.733,0,0.281,0.836,76.783,4,blues
0,162897,FALSE,0.647,0.876,10,-5.662,1,0.185,0.881,3.59e-05,0.26,0.949,151.925,4,blues
0,162897,FALSE,0.647,0.876,10,-5.662,1,0.185,0.881,3.59e-05,0.26,0.949,151.925,4,blues
0,162897,FALSE,0.647,0.876,10,-5.662,1,0.185,0.881,3.59e-05,0.26,0.949,151.925,4,blues
0,162897,FALSE,0.647,0.876,10,-5.662,1,0.185,0.881,3.59e-05,0.26,0.949,151.925,4,blues
0,291440,FALSE,0.498,0.533,10,-7.337,1,0.0245,0.261,0.0471,0.314,0.288,96.459,3,blues
1,156266,FALSE,0.429,0.477,6,-6.225,0,0.0311,0.766,0.000638,0.16,0.327,88.534,3,blues
0,205280,FALSE,0.736,0.722,10,-5.908,0,0.0753,0.384,7.36e-05,0.137,0.448,112.921,4,blues
1,156266,FALSE,0.429,0.477,6,-6.225,0,0.0311,0.766,0.000638,0.16,0.327,88.534,3,blues
2,197573,FALSE,0.626,0.248,11,-12.898,0,0.061,0.827,0,0.0965,0.639,80.542,4,blues
0,171773,FALSE,0.596,0.315,8,-9.175,1,0.0428,0.961,0,0.258,0.64,119.935,4,blues
0,171773,FALSE,0.596,0.315,8,-9.175,1,0.0428,0.961,0,0.258,0.64,119.935,4,blues
0,291440,FALSE,0.498,0.533,10,-7.337,1,0.0245,0.261,0.0471,0.314,0.288,96.459,3,blues
1,328426,FALSE,0.521,0.72,2,-7.699,1,0.0254,0.00352,0.0114,0.391,0.609,97.577,4,blues
1,197573,FALSE,0.626,0.248,11,-12.898,0,0.061,0.827,0,0.0965,0.639,80.542,4,blues
0,171773,FALSE,0.596,0.315,8,-9.175,1,0.0428,0.961,0,0.258,0.64,119.935,4,blues
0,217213,FALSE,0.452,0.819,2,-4.394,1,0.0863,0.175,0.69,0.224,0.423,124.649,4,blues
1,156266,FALSE,0.429,0.477,6,-6.225,0,0.0311,0.766,0.000638,0.16,0.327,88.534,3,blues
0,163706,FALSE,0.638,0.0767,10,-13.98,1,0.0588,0.937,0,0.121,0.599,114.353,4,blues
0,165226,FALSE,0.588,0.682,7,-14.75,1,0.161,0.683,2.44e-05,0.274,0.889,157.189,4,blues
68,189600,FALSE,0.556,0.72,4,-5.132,0,0.0415,0.358,0,0.146,0.405,125.324,4,blues
81,283800,TRUE,0.596,0.605,7,-12.145,1,0.0255,0.181,0.000331,0.0863,0.886,97.798,4,blues
75,269906,FALSE,0.316,0.484,9,-9.11,0,0.0308,0.000334,0.00445,0.0912,0.299,117.363,3,blues
67,229986,TRUE,0.685,0.656,1,-6.013,0,0.0383,0.437,0,0.347,0.392,128.003,4,blues
44,221576,FALSE,0.64,0.791,6,-5.342,1,0.0647,0.000627,0.0636,0.0802,0.311,129.997,4,blues
2,274520,FALSE,0.38,0.379,9,-12.742,1,0.0346,0.807,0.0164,0.0908,0.399,120.89,4,blues
65,279308,FALSE,0.485,0.892,2,-3.586,0,0.0809,0.000443,0,0.1,0.576,142.046,4,blues
0,174866,FALSE,0.55,0.0973,8,-16.264,1,0.0468,0.986,0.000104,0.155,0.212,67.561,4,blues
0,162897,FALSE,0.647,0.876,10,-5.662,1,0.185,0.881,3.59e-05,0.26,0.949,151.925,4,blues
0,162897,FALSE,0.647,0.876,10,-5.662,1,0.185,0.881,3.59e-05,0.26,0.949,151.925,4,blues
0,162897,FALSE,0.647,0.876,10,-5.662,1,0.185,0.881,3.59e-05,0.26,0.949,151.925,4,blues
0,162897,FALSE,0.647,0.876,10,-5.662,1,0.185,0.881,3.59e-05,0.26,0.949,151.925,4,blues
1,258146,FALSE,0.586,0.906,0,-8.235,1,0.0564,0.000837,0.019,0.0958,0.748,122.133,4,blues
0,162897,FALSE,0.647,0.876,10,-5.662,1,0.185,0.881,3.59e-05,0.26,0.949,151.925,4,blues
0,162897,FALSE,0.647,0.876,10,-5.662,1,0.185,0.881,3.59e-05,0.26,0.949,151.925,4,blues
0,162897,FALSE,0.647,0.876,10,-5.662,1,0.185,0.881,3.59e-05,0.26,0.949,151.925,4,blues
0,162897,FALSE,0.647,0.876,10,-5.662,1,0.185,0.881,3.59e-05,0.26,0.949,151.925,4,blues
0,162897,FALSE,0.647,0.876,10,-5.662,1,0.185,0.881,3.59e-05,0.26,0.949,151.925,4,blues
0,162897,FALSE,0.647,0.876,10,-5.662,1,0.185,0.881,3.59e-05,0.26,0.949,151.925,4,blues
0,162897,FALSE,0.647,0.876,10,-5.662,1,0.185,0.881,3.59e-05,0.26,0.949,151.925,4,blues
0,162897,FALSE,0.647,0.876,10,-5.662,1,0.185,0.881,3.59e-05,0.26,0.949,151.925,4,blues
0,162897,FALSE,0.647,0.876,10,-5.662,1,0.185,0.881,3.59e-05,0.26,0.949,151.925,4,blues
0,162897,FALSE,0.647,0.876,10,-5.662,1,0.185,0.881,3.59e-05,0.26,0.949,151.925,4,blues
1,162897,FALSE,0.647,0.876,10,-5.662,1,0.185,0.881,3.59e-05,0.26,0.949,151.925,4,blues
0,264503,FALSE,0.596,0.448,5,-9.616,1,0.0396,0.365,5.22e-06,0.207,0.796,83.293,4,blues
0,164160,FALSE,0.682,0.776,7,-8.314,0,0.114,0.83,1.1e-05,0.17,0.959,151.799,4,blues
0,162897,FALSE,0.647,0.876,10,-5.662,1,0.185,0.881,3.59e-05,0.26,0.949,151.925,4,blues
1,170173,FALSE,0.755,0.642,10,-11.849,1,0.0566,0.564,0.000105,0.0443,0.969,79.768,4,blues
0,162897,FALSE,0.647,0.876,10,-5.662,1,0.185,0.881,3.59e-05,0.26,0.949,151.925,4,blues
0,275395,FALSE,0.367,0.824,7,-6.763,1,0.0377,0.0121,8.55e-05,0.155,0.253,89.946,4,blues
0,182040,FALSE,0.465,0.121,5,-15.394,1,0.0356,0.867,0,0.165,0.221,73.399,4,blues
0,162897,FALSE,0.647,0.876,10,-5.662,1,0.185,0.881,3.59e-05,0.26,0.949,151.925,4,blues
0,162897,FALSE,0.647,0.876,10,-5.662,1,0.185,0.881,3.59e-05,0.26,0.949,151.925,4,blues
0,162897,FALSE,0.647,0.876,10,-5.662,1,0.185,0.881,3.59e-05,0.26,0.949,151.925,4,blues
2,307909,FALSE,0.753,0.788,9,-7.271,0,0.0383,0.126,1.07e-06,0.141,0.964,127.521,4,blues
0,162897,FALSE,0.647,0.876,10,-5.662,1,0.185,0.881,3.59e-05,0.26,0.949,151.925,4,blues
1,258146,FALSE,0.586,0.906,0,-8.235,1,0.0564,0.000837,0.019,0.0958,0.748,122.133,4,blues
0,248906,FALSE,0.48,0.796,5,-10.391,1,0.0406,0.617,0.00685,0.37,0.906,89.798,4,blues
0,169680,FALSE,0.461,0.663,0,-9.278,1,0.0869,0.39,0,0.422,0.769,135.35,4,blues
0,163066,FALSE,0.572,0.848,7,-10.054,1,0.125,0.739,4.67e-06,0.245,0.927,157.621,4,blues
0,162897,FALSE,0.647,0.876,10,-5.662,1,0.185,0.881,3.59e-05,0.26,0.949,151.925,4,blues
0,163066,FALSE,0.572,0.848,7,-10.054,1,0.125,0.739,4.67e-06,0.245,0.927,157.621,4,blues
0,210733,FALSE,0.302,0.0455,8,-15.532,1,0.0414,0.987,0.000605,0.229,0.122,73.146,5,blues
2,308373,FALSE,0.791,0.534,9,-13.261,0,0.0355,0.0749,1.99e-06,0.156,0.963,127.488,4,blues
0,308373,FALSE,0.791,0.534,9,-13.261,0,0.0355,0.0749,1.99e-06,0.156,0.963,127.488,4,blues
0,219573,FALSE,0.646,0.625,8,-8.819,0,0.0336,0.275,0,0.086,0.977,120.656,4,blues
1,307909,FALSE,0.753,0.788,9,-7.271,0,0.0383,0.126,1.07e-06,0.141,0.964,127.521,4,blues
0,134840,FALSE,0.825,0.631,10,-11.283,0,0.0383,0.819,0.432,0.156,0.892,102.619,4,blues
2,308373,FALSE,0.791,0.534,9,-13.261,0,0.0355,0.0749,1.99e-06,0.156,0.963,127.488,4,blues
0,162897,FALSE,0.647,0.876,10,-5.662,1,0.185,0.881,3.59e-05,0.26,0.949,151.925,4,blues
66,217625,FALSE,0.49,0.753,6,-5.411,1,0.238,0.081,2.85e-06,0.268,0.325,156.241,4,blues
65,257021,FALSE,0.701,0.844,4,-6.629,1,0.133,0.152,0.626,0.194,0.198,120.04,4,blues
73,174000,FALSE,0.399,0.326,7,-9.239,0,0.0386,0.864,0,0.191,0.546,79.206,4,blues
72,225973,FALSE,0.47,0.623,0,-5.655,1,0.0302,0.392,0.000439,0.0992,0.298,77.861,4,blues
77,547106,FALSE,0.249,0.834,0,-8.21,1,0.0577,0.0738,9.48e-05,0.0924,0.338,118.223,4,blues
64,282013,FALSE,0.486,0.487,9,-11.633,0,0.0341,0.445,1.44e-05,0.0648,0.373,81.972,4,blues
73,202173,FALSE,0.612,0.921,7,-2.882,1,0.085,0.0183,0,0.0576,0.446,139.988,4,blues
75,245625,FALSE,0.612,0.884,5,-4.4,1,0.0459,0.00516,0,0.0997,0.626,119.991,4,blues
65,199008,FALSE,0.534,0.942,2,-4.15,0,0.0677,0.0121,0,0.141,0.629,95.126,4,blues
76,161560,FALSE,0.534,0.803,10,-9.129,1,0.0743,0.741,6.07e-05,0.307,0.969,167.983,4,blues
77,240800,FALSE,0.438,0.805,8,-6.237,1,0.0624,0.00255,5.69e-05,0.0842,0.564,113.253,4,blues
69,221640,FALSE,0.699,0.502,9,-12.526,1,0.0278,0.0607,0.0337,0.317,0.676,105.267,4,blues
74,423840,FALSE,0.404,0.902,1,-3.88,1,0.0665,0.577,0.297,0.287,0.497,115.669,4,blues
77,230480,FALSE,0.545,0.64,4,-9.937,0,0.224,0.00249,0.0304,0.196,0.606,80.544,4,blues
61,188333,FALSE,0.54,0.78,9,-5.872,1,0.0418,0.0263,7.12e-06,0.35,0.514,144.011,4,blues
76,300400,FALSE,0.489,0.724,5,-8.367,1,0.0352,0.313,0.185,0.287,0.15,117.292,4,blues
73,340742,FALSE,0.598,0.676,0,-9.211,1,0.0279,0.13,0.225,0.112,0.805,114.169,4,blues
50,219573,FALSE,0.614,0.886,9,-2.476,1,0.0608,0.185,6.35e-06,0.0959,0.817,154.949,4,blues
3,186847,FALSE,0.523,0.8,9,-5.243,1,0.101,0.00537,0,0.398,0.604,125.886,3,blues
1,186847,FALSE,0.523,0.8,9,-5.243,1,0.101,0.00537,0,0.398,0.604,125.886,3,blues
0,186847,FALSE,0.523,0.8,9,-5.243,1,0.101,0.00537,0,0.398,0.604,125.886,3,blues
0,177186,FALSE,0.236,0.94,11,-3.929,0,0.152,2.15e-05,0.124,0.154,0.223,151.296,4,blues
0,236866,FALSE,0.359,0.927,4,-4.906,0,0.0676,2.68e-05,0.00843,0.0947,0.316,154.071,4,blues
0,186847,FALSE,0.523,0.8,9,-5.243,1,0.101,0.00537,0,0.398,0.604,125.886,3,blues
0,184053,FALSE,0.657,0.817,0,-4.415,1,0.0554,0.262,0.00679,0.248,0.651,107.992,4,blues
0,228400,FALSE,0.767,0.694,1,-5.059,0,0.0384,0.0629,0,0.32,0.78,112.012,4,blues
0,228400,FALSE,0.767,0.694,1,-5.059,0,0.0384,0.0629,0,0.32,0.78,112.012,4,blues
0,279186,FALSE,0.52,0.591,6,-3.225,1,0.0301,0.353,0.00412,0.102,0.359,151.089,4,blues
0,228400,FALSE,0.767,0.694,1,-5.059,0,0.0384,0.0629,0,0.32,0.78,112.012,4,blues
0,184053,FALSE,0.657,0.817,0,-4.415,1,0.0554,0.262,0.00679,0.248,0.651,107.992,4,blues
0,184053,FALSE,0.657,0.817,0,-4.415,1,0.0554,0.262,0.00679,0.248,0.651,107.992,4,blues
0,172066,FALSE,0.797,0.496,6,-10.054,1,0.0382,0.396,0.111,0.149,0.587,103.703,4,blues
0,217200,FALSE,0.359,0.573,9,-6.054,1,0.0326,0.665,0.000178,0.136,0.562,73.368,4,blues
47,156293,FALSE,0.549,0.686,7,-10.313,1,0.136,0.291,0,0.201,0.926,172.601,4,blues
0,423680,FALSE,0.459,0.89,1,-3.246,1,0.0487,0.451,0.11,0.306,0.447,115.654,4,blues
0,263146,FALSE,0.457,0.87,8,-4.906,1,0.0711,0.292,1.67e-06,0.117,0.694,81.095,4,blues
1,423840,FALSE,0.403,0.903,1,-3.88,1,0.0664,0.574,0.305,0.287,0.498,115.669,4,blues
0,227751,FALSE,0.556,0.567,9,-11.426,0,0.0333,0.0577,0.00144,0.0907,0.856,141.348,4,blues
1,177960,FALSE,0.346,0.589,7,-9.922,1,0.036,0.21,0.00703,0.15,0.638,189.486,4,blues
1,217200,FALSE,0.359,0.573,9,-6.054,1,0.0326,0.665,0.000178,0.136,0.562,73.368,4,blues
1,217200,FALSE,0.359,0.573,9,-6.054,1,0.0326,0.665,0.000178,0.136,0.562,73.368,4,blues
0,172760,FALSE,0.371,0.601,9,-8.431,1,0.0277,0.137,5.53e-05,0.15,0.596,87.975,4,blues
0,217200,FALSE,0.359,0.573,9,-6.054,1,0.0326,0.665,0.000178,0.136,0.562,73.368,4,blues
0,240666,FALSE,0.603,0.688,7,-9.69,0,0.196,0.19,0,0.0688,0.802,117.788,4,blues
0,196649,FALSE,0.569,0.419,0,-9.725,1,0.0318,0.831,0,0.108,0.45,97.918,4,blues
0,217200,FALSE,0.359,0.573,9,-6.054,1,0.0326,0.665,0.000178,0.136,0.562,73.368,4,blues
0,250240,FALSE,0.683,0.522,2,-11.117,1,0.0377,0.507,0.000137,0.121,0.764,115.072,4,blues
0,263146,FALSE,0.457,0.87,8,-4.906,1,0.0711,0.292,1.67e-06,0.117,0.694,81.095,4,blues
0,338426,FALSE,0.785,0.481,2,-11.323,1,0.101,0.0062,2.38e-06,0.122,0.77,119.937,4,blues
2,172066,FALSE,0.797,0.496,6,-10.054,1,0.0382,0.396,0.111,0.149,0.587,103.703,4,blues
67,207600,FALSE,0.462,0.15,8,-13.531,1,0.0522,0.984,0.000902,0.105,0.19,98.66,3,blues
74,240200,FALSE,0.635,0.184,8,-10.785,1,0.0456,0.665,0,0.146,0.177,128.424,4,blues
72,150640,FALSE,0.551,0.293,2,-12.503,1,0.0272,0.486,0.000273,0.0864,0.322,106.798,4,blues
66,271760,FALSE,0.498,0.242,9,-12.238,1,0.0257,0.835,0.536,0.133,0.312,153.744,4,blues
75,179693,FALSE,0.274,0.348,5,-8.631,1,0.0293,0.547,0.0133,0.334,0.328,87.43,3,blues
69,214386,FALSE,0.549,0.789,5,-6.071,1,0.0313,0.0178,6.7e-05,0.059,0.715,136.125,4,blues
56,194771,FALSE,0.575,0.857,11,-4.288,1,0.0456,0.0393,0,0.0919,0.888,81.999,4,blues
59,222413,FALSE,0.516,0.714,5,-4.529,0,0.0391,0.257,0,0.0683,0.312,86.926,4,blues
71,221426,FALSE,0.394,0.622,4,-8.258,0,0.0336,0.213,4.45e-05,0.0892,0.342,126.844,4,blues
78,153693,FALSE,0.653,0.519,2,-10.164,1,0.0497,0.406,0.0209,0.101,0.822,98.883,4,blues
59,210972,FALSE,0.527,0.762,4,-3.36,0,0.0778,0.222,0.000283,0.0765,0.564,82.464,4,blues
68,370866,FALSE,0.189,0.39,9,-14.497,0,0.0353,0.257,0.000152,0.122,0.32,169.563,3,blues
54,215232,FALSE,0.445,0.72,8,-6.946,1,0.0502,0.000307,1.61e-05,0.105,0.155,172.14,4,blues
66,191956,FALSE,0.725,0.747,11,-5.545,1,0.0876,0.0272,0.0468,0.104,0.38,132.921,4,blues
73,210373,FALSE,0.438,0.71,2,-12.412,1,0.0919,0.262,0.537,0.221,0.53,145.928,4,blues
67,217346,FALSE,0.623,0.876,11,-7.788,1,0.066,0.0189,0.0134,0.0728,0.515,124.431,4,blues
48,275620,FALSE,0.454,0.593,7,-9.665,1,0.0252,0.0385,0.000552,0.125,0.41,93.052,4,blues
46,287093,FALSE,0.647,0.661,7,-4.892,1,0.029,0.113,4.76e-06,0.31,0.771,139.862,4,blues
0,141666,FALSE,0.514,0.408,8,-11.96,1,0.194,0.449,0,0.0682,0.915,185.756,4,blues
0,359235,FALSE,0.616,0.57,0,-7.797,1,0.0517,0.0581,0.00142,0.225,0.622,124.721,4,blues
0,141666,FALSE,0.514,0.408,8,-11.96,1,0.194,0.449,0,0.0682,0.915,185.756,4,blues
0,213066,FALSE,0.437,0.557,1,-8.487,1,0.102,0.33,0,0.248,0.683,161.412,3,blues
0,141666,FALSE,0.514,0.408,8,-11.96,1,0.194,0.449,0,0.0682,0.915,185.756,4,blues
0,359706,FALSE,0.669,0.81,2,-6.854,1,0.0341,0.408,8.58e-06,0.0614,0.966,111.58,4,blues
0,243266,FALSE,0.7,0.726,2,-7.717,1,0.0329,0.436,1.11e-06,0.0914,0.64,130.11,4,blues
0,254293,FALSE,0.646,0.934,9,-6.955,1,0.0531,0.129,1.03e-05,0.0443,0.698,142.616,4,blues
0,129332,FALSE,0.401,0.213,1,-13.124,1,0.0544,0.342,1.01e-05,0.0596,0.678,110.623,4,blues
1,241626,FALSE,0.513,0.583,9,-10.863,1,0.038,0.355,1.96e-05,0.18,0.866,180.183,4,blues
0,180093,FALSE,0.544,0.459,3,-8.069,1,0.0537,0.689,0,0.0346,0.852,99.931,4,blues
0,239946,FALSE,0.603,0.705,9,-7.547,1,0.0328,0.556,0.00013,0.342,0.89,90.12,4,blues
0,241626,FALSE,0.513,0.583,9,-10.863,1,0.038,0.355,1.96e-05,0.18,0.866,180.183,4,blues
0,149880,FALSE,0.418,0.165,4,-10.663,0,0.0442,0.91,2.02e-05,0.213,0.205,120.301,4,blues
0,349826,FALSE,0.508,0.47,0,-9.339,1,0.0262,0.201,0.0553,0.14,0.69,81.016,4,blues
0,241626,FALSE,0.513,0.583,9,-10.863,1,0.038,0.355,1.96e-05,0.18,0.866,180.183,4,blues
0,241626,FALSE,0.513,0.583,9,-10.863,1,0.038,0.355,1.96e-05,0.18,0.866,180.183,4,blues
0,204720,FALSE,0.348,0.981,11,-5.02,1,0.137,0.00479,0.0883,0.0905,0.704,182.456,4,blues
0,141666,FALSE,0.514,0.408,8,-11.96,1,0.194,0.449,0,0.0682,0.915,185.756,4,blues
0,158240,FALSE,0.755,0.393,3,-7.438,1,0.127,0.687,0,0.0524,0.804,107.763,4,blues
0,241626,FALSE,0.513,0.583,9,-10.863,1,0.038,0.355,1.96e-05,0.18,0.866,180.183,4,blues
0,178760,FALSE,0.589,0.831,4,-12.373,1,0.0615,0.0195,2.41e-05,0.0635,0.511,98.813,4,blues
0,289160,FALSE,0.409,0.197,0,-13.803,1,0.0294,0.797,0.000319,0.267,0.0615,87.814,4,blues
0,169933,FALSE,0.683,0.668,3,-8.36,1,0.0749,0.833,2.75e-06,0.0548,0.77,132.192,4,blues
1,216693,FALSE,0.468,0.81,9,-8.33,1,0.0724,0.00169,0.0314,0.567,0.464,145.589,4,blues
0,169653,FALSE,0.436,0.319,1,-7.87,1,0.0295,0.802,1.94e-05,0.12,0.255,107.546,3,blues
0,291733,FALSE,0.728,0.919,10,-5.751,1,0.0494,0.0495,0,0.152,0.963,130.22,4,blues
0,193853,FALSE,0.748,0.703,0,-12.004,1,0.0362,0.114,1.39e-06,0.0646,0.882,118.944,4,blues
0,218666,FALSE,0.668,0.665,7,-8.55,1,0.0267,0.0519,6.68e-05,0.109,0.766,128.619,4,blues
0,218666,FALSE,0.668,0.665,7,-8.55,1,0.0267,0.0519,6.68e-05,0.109,0.766,128.619,4,blues
0,218666,FALSE,0.668,0.665,7,-8.55,1,0.0267,0.0519,6.68e-05,0.109,0.766,128.619,4,blues
0,169560,FALSE,0.628,0.356,10,-12.471,1,0.0386,0.932,0.000608,0.116,0.605,80.205,4,blues
54,221693,FALSE,0.589,0.251,0,-14.218,1,0.0365,0.664,0.13,0.0934,0.404,73.924,4,blues
73,240600,FALSE,0.581,0.687,6,-5.4,1,0.105,0.229,0,0.109,0.187,76.014,4,blues
65,228293,FALSE,0.589,0.481,0,-4.801,1,0.0285,0.273,1.33e-05,0.0986,0.176,93.568,4,blues
32,233293,FALSE,0.48,0.427,7,-7.961,1,0.0243,0.00315,0.00442,0.338,0.148,80.078,4,blues
71,145746,FALSE,0.515,0.534,6,-8.045,1,0.0768,0.181,0.00278,0.0547,0.426,70.776,4,blues
74,356626,FALSE,0.422,0.752,6,-8.682,1,0.0449,0.0366,0.000119,0.129,0.403,120.471,4,blues
62,191180,FALSE,0.716,0.738,1,-6.347,1,0.0406,0.0018,0.00676,0.113,0.349,129.04,4,blues
60,172516,FALSE,0.587,0.635,5,-5.47,1,0.0377,0.0353,0,0.331,0.591,96.519,4,blues
73,193653,FALSE,0.356,0.872,2,-7.837,1,0.068,0.00417,0.00975,0.0997,0.607,166.3,4,blues
53,201438,FALSE,0.513,0.879,7,-3.335,1,0.0681,0.0464,0,0.283,0.534,159.895,4,blues
55,189767,FALSE,0.602,0.625,8,-5.165,1,0.0394,0.0667,4.72e-06,0.112,0.389,86.036,4,blues
64,279666,FALSE,0.264,0.8,0,-2.427,1,0.0537,0.0195,0.00744,0.406,0.465,155.558,4,blues
71,170813,FALSE,0.533,0.905,2,-5.27,1,0.0754,0.00876,0.578,0.0698,0.486,108.9,4,blues
43,285004,FALSE,0.461,0.368,7,-10.903,1,0.0309,0.853,2.47e-05,0.118,0.213,119.541,3,blues
70,119880,FALSE,0.598,0.571,8,-12.616,0,0.139,0.704,0,0.513,0.962,173.141,4,blues
76,308120,FALSE,0.333,0.927,9,-8.55,0,0.0733,0.0029,0.000208,0.297,0.385,141.466,4,blues
69,164866,FALSE,0.68,0.639,5,-6.233,0,0.0278,0.017,5.09e-06,0.0398,0.957,106.991,4,blues
59,204880,FALSE,0.533,0.313,2,-13.007,0,0.0298,0.386,4.64e-06,0.0868,0.225,133.615,4,blues
67,366136,FALSE,0.307,0.909,9,-7.08,0,0.0574,0.135,0.0336,0.125,0.443,173.674,4,blues
76,266720,FALSE,0.445,0.706,8,-9.803,1,0.0461,0.234,0.000252,0.205,0.768,80.823,4,blues
0,254106,FALSE,0.596,0.704,9,-8.173,1,0.0273,0.491,0.0234,0.148,0.318,96.069,4,blues
0,407400,FALSE,0.656,0.881,7,-5.694,1,0.0484,0.118,0,0.0909,0.699,119.48,4,blues
0,310973,FALSE,0.599,0.675,2,-8.453,1,0.0568,0.205,0.00297,0.113,0.7,173.713,4,blues
0,294093,FALSE,0.632,0.69,4,-8.513,0,0.0256,0.408,3.53e-06,0.127,0.824,133.015,4,blues
0,254106,FALSE,0.596,0.704,9,-8.173,1,0.0273,0.491,0.0234,0.148,0.318,96.069,4,blues
42,278373,FALSE,0.563,0.714,4,-4.86,1,0.0456,0.644,0,0.619,0.687,119.336,4,blues
0,280320,FALSE,0.695,0.554,0,-10.784,1,0.0335,0.198,0.0146,0.314,0.846,139.955,4,blues
0,184373,FALSE,0.511,0.42,2,-7.686,1,0.0418,0.633,0.000267,0.0417,0.405,129.544,3,blues
44,197426,FALSE,0.554,0.914,9,-3.741,1,0.0441,0.147,0.00018,0.109,0.688,149.812,4,blues
0,150960,FALSE,0.811,0.545,9,-11.434,0,0.0665,0.688,0,0.171,0.91,118.168,4,blues
0,164826,FALSE,0.659,0.505,8,-10.453,1,0.0431,0.187,0,0.229,0.871,76.205,4,blues
0,199960,FALSE,0.428,0.594,9,-9.657,1,0.0693,0.875,2.2e-05,0.133,0.786,131.18,4,blues
0,193493,FALSE,0.594,0.815,10,-9.223,0,0.216,0.668,0,0.324,0.54,114.316,4,blues
0,242720,FALSE,0.218,0.932,9,-6.803,1,0.098,0.0155,0.0246,0.277,0.315,167.718,4,blues
42,259058,FALSE,0.702,0.615,7,-5.811,1,0.0257,0.363,1.01e-05,0.17,0.568,111.031,3,blues
0,193493,FALSE,0.594,0.815,10,-9.223,0,0.216,0.668,0,0.324,0.54,114.316,4,blues
0,193493,FALSE,0.594,0.815,10,-9.223,0,0.216,0.668,0,0.324,0.54,114.316,4,blues
0,193493,FALSE,0.594,0.815,10,-9.223,0,0.216,0.668,0,0.324,0.54,114.316,4,blues
0,251426,FALSE,0.65,0.406,7,-13.492,1,0.0761,0.568,0,0.484,0.862,79.642,4,blues
0,210893,FALSE,0.491,0.849,9,-5.188,1,0.0309,0.0526,0.0094,0.274,0.932,118.161,4,blues
0,193493,FALSE,0.594,0.815,10,-9.223,0,0.216,0.668,0,0.324,0.54,114.316,4,blues
0,209293,FALSE,0.649,0.399,6,-7.894,1,0.0256,0.184,0.000108,0.113,0.342,97.498,3,blues
45,219866,FALSE,0.637,0.918,9,-5.073,1,0.0711,0.062,0.0097,0.177,0.517,115.839,4,blues
0,129132,FALSE,0.633,0.619,4,-9.53,0,0.0336,0.257,0,0.0631,0.924,135.181,4,blues
0,173901,FALSE,0.563,0.647,5,-4.675,1,0.0398,0.0337,0,0.359,0.691,96.386,4,blues
0,252946,FALSE,0.783,0.78,7,-9.92,1,0.0525,0.149,0.14,0.16,0.737,104.865,4,blues
0,205426,FALSE,0.492,0.935,5,-3.755,1,0.0615,0.596,0.00127,0.445,0.905,193.184,4,blues
0,446480,FALSE,0.132,0.42,4,-7.761,0,0.0368,0.209,0.00293,0.11,0.185,45.857,4,blues
0,226600,FALSE,0.456,0.555,10,-10.615,1,0.0369,0.508,0.0194,0.106,0.776,101.31,4,blues
0,226600,FALSE,0.456,0.555,10,-10.615,1,0.0369,0.508,0.0194,0.106,0.776,101.31,4,blues
71,156653,FALSE,0.477,0.433,11,-6.473,0,0.0247,0.689,0.000195,0.151,0.611,82.52,3,blues
31,199396,FALSE,0.756,0.401,7,-10.7,0,0.0529,0.587,0.0114,0.0541,0.52,101.976,4,blues
67,261973,FALSE,0.777,0.601,2,-5.931,1,0.126,0.0406,0.00201,0.0348,0.68,97.911,4,blues
44,198909,FALSE,0.785,0.626,6,-7.776,0,0.0516,0.388,0,0.353,0.451,110.96,4,blues
54,159412,FALSE,0.576,0.64,2,-5.252,1,0.0351,0.0585,0.000156,0.571,0.544,83.996,4,blues
61,217493,FALSE,0.647,0.71,0,-4.692,1,0.029,0.000973,0.703,0.0777,0.268,110.059,4,blues
51,133674,FALSE,0.548,0.554,3,-5.602,1,0.0254,0.326,0.00018,0.202,0.462,75.005,4,blues
54,192600,FALSE,0.55,0.883,2,-5.964,1,0.0937,0.00715,0,0.0924,0.417,150.004,3,blues
48,173648,FALSE,0.322,0.593,9,-8.667,0,0.0698,0.385,0.0148,0.21,0.24,167.853,4,blues
70,174840,FALSE,0.504,0.578,4,-9.302,1,0.031,0.408,0,0.321,0.654,132.411,4,blues
69,284496,FALSE,0.263,0.759,0,-7.288,1,0.0431,0.0555,0,0.231,0.429,179.904,4,blues
57,180542,TRUE,0.702,0.777,6,-5.782,0,0.0464,0.00691,2.67e-05,0.102,0.421,77.481,4,blues
55,190234,FALSE,0.658,0.778,10,-5.575,0,0.06,0.262,0.0779,0.0773,0.627,146.1,4,blues
62,324733,FALSE,0.547,0.46,11,-8.759,0,0.0256,0.344,0.442,0.0983,0.543,90.768,4,blues
76,217106,FALSE,0.389,0.476,9,-9.342,1,0.0316,0.619,5.09e-05,0.255,0.566,148.117,4,blues
64,301133,FALSE,0.692,0.493,9,-9.662,0,0.0325,0.0934,0.00166,0.128,0.28,86.644,4,blues
70,161906,FALSE,0.525,0.852,7,-9.519,1,0.222,0.731,5.11e-05,0.218,0.884,157.404,4,blues
58,180004,FALSE,0.592,0.848,11,-5.631,0,0.0887,0.00134,1.15e-06,0.0964,0.399,129.9,4,blues
68,313373,FALSE,0.214,0.91,8,-6.662,1,0.389,0.477,0.00833,0.0517,0.448,175.549,4,blues
72,110093,FALSE,0.356,0.982,4,-1.574,0,0.112,0.713,0.00145,0.941,0.299,95.754,4,blues
47,157308,FALSE,0.692,0.659,5,-4.909,0,0.0585,0.00832,7.17e-06,0.0854,0.26,90.023,4,blues
71,292173,FALSE,0.459,0.727,0,-11.777,1,0.0303,0.00614,0.0652,0.384,0.955,149.231,1,blues
60,209246,FALSE,0.52,0.274,11,-10.661,0,0.0363,0.843,0.0165,0.0724,0.222,64.21,4,blues
76,163755,FALSE,0.769,0.367,2,-11.226,1,0.0312,0.684,1.62e-05,0.081,0.535,103.621,4,blues
42,242720,FALSE,0.838,0.753,5,-5.74,1,0.0516,0.0443,0,0.0776,0.963,100.015,4,blues
59,200061,FALSE,0.671,0.762,6,-4.028,1,0.0511,0.0594,0,0.168,0.535,126.02,4,blues
70,298333,FALSE,0.553,0.576,0,-13.458,1,0.0304,0.191,0.00664,0.0365,0.457,109.827,4,blues
69,275395,FALSE,0.292,0.823,7,-6.763,1,0.0407,0.0117,7.79e-05,0.155,0.244,89.939,4,blues
40,124253,FALSE,0.729,0.216,0,-10.865,1,0.0795,0.735,0,0.0615,0.755,129.851,4,blues
40,305998,FALSE,0.653,0.621,7,-4.672,0,0.0283,0.12,0,0.155,0.721,83.954,4,blues
73,330643,FALSE,0.787,0.472,2,-12.824,1,0.0832,0.221,0.000336,0.153,0.824,120.059,4,blues
42,187733,FALSE,0.383,0.282,7,-11.764,1,0.0467,0.82,1.76e-05,0.212,0.246,187.09,3,blues
41,214120,FALSE,0.854,0.674,9,-6.434,1,0.143,0.0565,5.88e-06,0.0793,0.65,113.031,4,blues
45,145319,FALSE,0.38,0.595,9,-9.742,1,0.0381,0.547,0,0.155,0.909,132.439,4,blues
71,180640,FALSE,0.582,0.962,4,-3.037,1,0.0542,0.0096,0.128,0.283,0.506,123.971,4,blues
44,291108,FALSE,0.431,0.65,5,-7.138,1,0.0335,0.468,2.9e-06,0.217,0.267,143.351,4,blues
42,252706,FALSE,0.58,0.768,9,-9.955,1,0.0337,0.166,0.0051,0.503,0.709,119.455,4,blues
43,216026,FALSE,0.294,0.942,2,-7.118,1,0.0808,0.206,3.23e-05,0.97,0.649,166.291,4,blues
0,316066,FALSE,0.449,0.571,4,-7.119,1,0.0492,0.00604,0.701,0.0748,0.448,84.807,4,blues
1,183866,FALSE,0.412,0.601,2,-10.493,1,0.0536,0.000866,0.0455,0.321,0.49,114.543,4,blues
0,216626,FALSE,0.678,0.612,4,-9.764,1,0.0339,0.1,0.316,0.164,0.857,118.381,4,blues
41,311146,FALSE,0.755,0.488,9,-16.318,1,0.0504,0.208,0.0039,0.0662,0.685,140.44,4,blues
0,190440,FALSE,0.541,0.913,4,-8.03,1,0.0359,0.0681,0.0521,0.414,0.113,120.634,4,blues
0,272640,FALSE,0.687,0.494,1,-9.421,1,0.0505,0.324,5.5e-05,0.0867,0.621,93.269,1,blues
1,183866,FALSE,0.412,0.601,2,-10.493,1,0.0536,0.000866,0.0455,0.321,0.49,114.543,4,blues
0,188560,FALSE,0.529,0.871,4,-8.708,1,0.0351,0.0229,0.155,0.419,0.109,120.736,4,blues
0,183866,FALSE,0.412,0.601,2,-10.493,1,0.0536,0.000866,0.0455,0.321,0.49,114.543,4,blues
0,183866,FALSE,0.412,0.601,2,-10.493,1,0.0536,0.000866,0.0455,0.321,0.49,114.543,4,blues
0,168280,FALSE,0.671,0.689,9,-7.755,1,0.0932,0.328,2.95e-06,0.352,0.811,138.306,4,blues
41,232698,FALSE,0.613,0.878,4,-5.731,1,0.0313,0.00777,9.2e-05,0.168,0.902,129.991,4,blues
67,140178,FALSE,0.534,0.441,7,-5.752,1,0.0303,0.661,0,0.0934,0.439,97.009,4,blues
70,196133,FALSE,0.421,0.285,2,-9.43,0,0.0293,0.829,1.55e-06,0.233,0.402,85.861,4,blues
61,158253,FALSE,0.555,0.377,1,-9.123,1,0.0295,0.671,0,0.128,0.619,78.986,4,blues
69,119880,FALSE,0.598,0.571,8,-12.616,0,0.139,0.704,0,0.513,0.962,173.141,4,blues
54,213770,FALSE,0.53,0.536,10,-8.217,1,0.0391,0.335,0.0259,0.0939,0.188,109.911,4,blues
75,216773,FALSE,0.592,0.355,9,-14.051,1,0.0352,0.478,0,0.0585,0.499,133.032,4,blues
61,193714,FALSE,0.447,0.788,2,-4.994,0,0.0464,0.00257,1.68e-05,0.0744,0.505,80.04,4,blues
66,185160,FALSE,0.443,0.104,0,-17.042,1,0.101,0.913,0,0.191,0.394,76.497,4,blues
49,211948,FALSE,0.612,0.635,1,-4.841,1,0.038,0.00369,2.18e-05,0.181,0.76,77.025,4,blues
60,166693,FALSE,0.547,0.174,4,-15.047,0,0.0352,0.81,0.357,0.105,0.246,135.133,3,blues
49,308066,FALSE,0.677,0.645,10,-5.917,1,0.0312,0.0376,0.0693,0.105,0.765,82.017,4,blues
50,172911,FALSE,0.578,0.903,2,-5.032,1,0.115,0.00585,2.42e-05,0.0619,0.238,99.039,3,blues
55,169487,FALSE,0.73,0.8,1,-4.779,1,0.042,0.0399,5.09e-05,0.109,0.692,117.038,4,blues
27,211880,FALSE,0.754,0.449,4,-14.013,1,0.0615,0.724,0,0.162,0.973,82.751,4,blues
55,317986,FALSE,0.311,0.882,2,-3.26,1,0.215,0.00895,0.205,0.253,0.435,162.189,4,blues
61,158600,FALSE,0.549,0.992,1,-3.712,1,0.116,0.797,0,0.196,0.877,172.342,4,blues
52,213159,FALSE,0.47,0.961,7,-0.868,1,0.363,0.0466,0,0.305,0.648,164.899,4,blues
67,354533,FALSE,0.663,0.264,0,-14.571,1,0.0914,0.706,0,0.1,0.657,122.482,4,blues
67,254533,FALSE,0.417,0.63,9,-7.24,1,0.0898,0.0209,0.0134,0.0543,0.341,94.214,4,blues
69,294986,FALSE,0.609,0.923,9,-3.908,1,0.0338,0.16,4.73e-06,0.295,0.961,115.996,4,blues
61,181868,FALSE,0.547,0.693,6,-6.404,1,0.0264,0.0224,0,0.523,0.716,79.963,4,blues
52,133674,FALSE,0.548,0.554,3,-5.602,1,0.0254,0.326,0.000154,0.202,0.462,75.005,4,blues
67,211960,FALSE,0.654,0.726,10,-3.803,0,0.0401,0.0311,6.35e-05,0.0618,0.728,103.987,4,blues
72,278746,FALSE,0.509,0.584,0,-4.907,1,0.057,0.0368,9.96e-05,0.384,0.685,170.411,4,blues
67,224133,FALSE,0.383,0.516,9,-12.032,0,0.0344,0.202,0.193,0.114,0.371,118.144,4,blues
67,219586,FALSE,0.427,0.626,8,-11.821,1,0.0385,0.0274,0.00395,0.106,0.743,126.877,4,blues
59,337613,FALSE,0.616,0.612,0,-11.084,1,0.0275,0.169,0.434,0.101,0.897,114.558,4,blues
58,255498,FALSE,0.526,0.689,5,-7.733,0,0.0324,0.0214,0,0.106,0.284,72.93,4,blues
68,157893,FALSE,0.483,0.159,7,-13.648,1,0.0353,0.914,0,0.111,0.423,146.721,4,blues
70,232666,FALSE,0.624,0.306,2,-11.831,1,0.0318,0.634,2.67e-05,0.0632,0.227,139.912,4,blues
40,315306,FALSE,0.741,0.383,8,-6.107,1,0.108,0.311,0,0.109,0.475,113.969,4,blues
0,247613,FALSE,0.355,0.982,3,-3.408,0,0.107,0.00011,3.54e-06,0.0212,0.398,167.889,4,blues
71,250400,FALSE,0.683,0.594,2,-8.289,1,0.0347,0.385,8.61e-05,0.121,0.734,115.099,4,blues
66,328426,FALSE,0.521,0.721,2,-7.699,1,0.0254,0.00348,0.0113,0.391,0.611,97.578,4,blues
63,321133,FALSE,0.598,0.735,2,-10.882,1,0.0973,0.44,0.000215,0.681,0.615,111.129,3,blues
70,210160,FALSE,0.346,0.768,9,-5.695,1,0.0377,0.00603,0.38,0.0244,0.532,169.492,4,blues
40,316960,FALSE,0.595,0.351,7,-9.469,1,0.0912,0.555,0,0.165,0.691,128.423,4,blues
39,290626,FALSE,0.795,0.504,4,-8.213,0,0.193,0.129,0,0.159,0.889,155.942,4,blues
40,276960,FALSE,0.675,0.676,2,-3.779,1,0.0265,0.469,5.69e-05,0.179,0.502,122.99,4,blues
39,253786,FALSE,0.835,0.663,0,-7.463,0,0.037,0.296,0,0.119,0.92,110.979,4,blues
39,325253,FALSE,0.845,0.73,0,-5.377,1,0.0356,0.275,0,0.135,0.864,107.011,4,blues
38,314866,FALSE,0.445,0.6,0,-5.78,1,0.0333,0.282,0,0.278,0.224,129.312,3,blues
42,189074,FALSE,0.722,0.439,7,-11.258,1,0.0317,0.292,0,0.0623,0.867,110.21,4,blues
0,181293,FALSE,0.389,0.29,2,-11.868,1,0.0393,0.406,4.13e-05,0.0758,0.158,185.01,3,blues
1,351160,FALSE,0.627,0.706,2,-9.146,0,0.0353,0.146,5.46e-05,0.113,0.896,88.833,4,blues
0,222400,FALSE,0.504,0.49,4,-8.553,1,0.0279,0.323,0.807,0.0873,0.68,148.884,4,blues
0,351160,FALSE,0.627,0.706,2,-9.146,0,0.0353,0.146,5.46e-05,0.113,0.896,88.833,4,blues
0,181293,FALSE,0.389,0.29,2,-11.868,1,0.0393,0.406,4.13e-05,0.0758,0.158,185.01,3,blues
0,223533,FALSE,0.783,0.543,9,-11.565,1,0.0412,0.301,0.0159,0.0892,0.833,132.033,4,blues
0,272640,FALSE,0.687,0.494,1,-9.421,1,0.0505,0.324,5.5e-05,0.0867,0.621,93.269,1,blues
76,256000,FALSE,0.751,0.727,10,-9.789,0,0.0304,0.0442,0.0338,0.1,0.28,119.982,4,chicago-house
78,198053,FALSE,0.72,0.741,10,-6.529,0,0.0287,0.101,1.41e-05,0.289,0.357,119.896,4,chicago-house
58,367786,FALSE,0.879,0.95,5,-6.375,0,0.0746,0.000161,0.806,0.0714,0.615,126.903,4,chicago-house
62,196109,FALSE,0.791,0.801,4,-6.344,0,0.07,0.00531,0.189,0.509,0.609,124.985,4,chicago-house
47,430576,FALSE,0.767,0.686,7,-10.476,1,0.0461,0.0681,0.91,0.111,0.565,114.07,4,chicago-house
49,271986,FALSE,0.77,0.767,6,-6.978,1,0.0335,0.00737,0.000894,0.0716,0.486,119.995,4,chicago-house
52,403706,FALSE,0.7,0.725,4,-11.433,0,0.0492,0.0439,0.851,0.125,0.129,116.824,4,chicago-house
50,327138,FALSE,0.878,0.737,2,-7.979,1,0.0817,0.000271,0.445,0.11,0.235,123.993,4,chicago-house
31,441904,FALSE,0.779,0.519,0,-6.274,1,0.042,0.232,0.00539,0.123,0.731,125.993,4,chicago-house
27,232500,FALSE,0.726,0.855,0,-7.386,1,0.0418,0.00858,0.72,0.163,0.566,128.01,4,chicago-house
55,331706,FALSE,0.718,0.93,7,-4.532,1,0.038,0.0026,0.0176,0.0363,0.697,128.736,4,chicago-house
27,320952,FALSE,0.868,0.492,9,-8.237,0,0.0545,0.00084,0.754,0.112,0.519,126.003,4,chicago-house
52,443849,FALSE,0.829,0.332,11,-13.837,0,0.047,0.0125,0.294,0.0918,0.448,128.627,4,chicago-house
45,368200,FALSE,0.938,0.424,1,-10.299,1,0.059,0.146,0.00209,0.262,0.652,110.783,4,chicago-house
19,439920,FALSE,0.665,0.773,5,-6.237,0,0.0348,9.29e-05,0.0319,0.44,0.478,124.983,4,chicago-house
19,271831,FALSE,0.815,0.88,6,-8.342,0,0.0408,9.71e-05,0.94,0.0659,0.59,124.316,4,chicago-house
19,729147,TRUE,0.927,0.809,10,-6.266,0,0.0802,0.000378,0.0158,0.068,0.501,117.531,4,chicago-house
22,398349,FALSE,0.692,0.628,3,-11.246,0,0.0325,0.0314,1.37e-06,0.0672,0.788,113.036,4,chicago-house
22,155653,FALSE,0.866,0.574,7,-7.836,1,0.0649,0.00108,0.443,0.0406,0.602,127.951,4,chicago-house
19,468504,FALSE,0.668,0.718,5,-9.677,0,0.0308,0.0354,0.334,0.19,0.334,125.001,4,chicago-house
19,367381,FALSE,0.788,0.654,8,-8.837,1,0.0711,0.0306,0.864,0.0957,0.388,117.027,4,chicago-house
23,308225,FALSE,0.821,0.833,0,-6.701,1,0.0343,0.000887,0.637,0.0603,0.948,124.439,4,chicago-house
24,384219,FALSE,0.887,0.651,5,-7.895,1,0.0421,0.027,0.105,0.0503,0.652,123.004,4,chicago-house
19,272827,FALSE,0.819,0.593,10,-6.907,0,0.218,0.00336,0.0339,0.0658,0.591,124.076,4,chicago-house
19,314075,FALSE,0.633,0.73,9,-8.963,0,0.0363,0.0735,4.32e-06,0.849,0.687,120,4,chicago-house
24,268064,FALSE,0.78,0.783,7,-8.207,1,0.103,0.000163,0.277,0.236,0.577,124.454,4,chicago-house
23,243375,FALSE,0.717,0.842,11,-5.142,0,0.0914,0.05,1.22e-05,0.0763,0.896,119.882,4,chicago-house
21,249253,FALSE,0.854,0.719,10,-9.336,0,0.0654,0.000695,0.315,0.428,0.484,128.049,4,chicago-house
21,243173,FALSE,0.708,0.91,5,-3.349,0,0.047,0.176,0.0431,0.0727,0.697,124.982,4,chicago-house
21,365986,FALSE,0.538,0.867,0,-6.574,1,0.0328,7.48e-05,0.924,0.301,0.299,129.804,4,chicago-house
23,372715,FALSE,0.717,0.532,10,-14.355,0,0.056,0.00226,0.92,0.0415,0.764,122.99,4,chicago-house
19,537760,FALSE,0.765,0.611,1,-11.79,1,0.0359,9.62e-05,0.00806,0.0788,0.542,121.813,4,chicago-house
19,202973,FALSE,0.812,0.821,10,-7.701,0,0.0354,0.000703,0.0214,0.0898,0.968,128.995,4,chicago-house
19,295334,FALSE,0.592,0.785,11,-10.648,1,0.0391,2.35e-05,0.879,0.357,0.451,117.748,3,chicago-house
18,202968,FALSE,0.759,0.853,11,-4.632,0,0.0988,0.00208,0.806,0.0659,0.146,127.996,4,chicago-house
20,255200,FALSE,0.905,0.567,10,-12.667,0,0.114,0.00283,6.56e-05,0.321,0.507,118.759,4,chicago-house
19,505850,FALSE,0.787,0.534,11,-13.603,0,0.0685,0.0318,0.592,0.0928,0.827,118.01,4,chicago-house
0,257611,FALSE,0.762,0.688,11,-4.764,1,0.0423,0.00139,0.79,0.288,0.811,124.972,4,chicago-house
18,496083,FALSE,0.85,0.608,3,-10.493,0,0.0537,0.00296,0.848,0.135,0.651,125.192,4,chicago-house
0,423344,FALSE,0.979,0.517,8,-7.448,1,0.303,0.000372,0.754,0.0354,0.492,123.995,4,chicago-house
19,568293,FALSE,0.798,0.768,7,-6.722,1,0.127,0.0302,8.19e-06,0.214,0.595,123.864,4,chicago-house
19,535680,FALSE,0.748,0.892,4,-8.088,0,0.044,0.00508,0.0617,0.326,0.739,124.999,4,chicago-house
23,503998,FALSE,0.845,0.881,9,-5.856,1,0.112,0.00814,5.1e-05,0.0631,0.709,119.998,4,chicago-house
21,442375,FALSE,0.759,0.776,1,-10.396,0,0.0412,0.125,0.764,0.0885,0.902,129.695,4,chicago-house
0,407999,FALSE,0.803,0.656,0,-11.226,1,0.0735,0.0101,0.749,0.0307,0.456,124.008,4,chicago-house
21,356160,FALSE,0.892,0.682,5,-6.243,1,0.0443,0.0355,0.142,0.0684,0.713,123.027,4,chicago-house
0,375988,FALSE,0.879,0.576,1,-10.273,1,0.0519,0.002,0.0292,0.0793,0.527,127.979,4,chicago-house
1,318592,FALSE,0.648,0.827,11,-5.823,0,0.0863,0.00533,0.00474,0.133,0.17,124.983,4,chicago-house
22,550426,FALSE,0.756,0.536,3,-13.248,0,0.0891,0.0529,0.000465,0.105,0.846,120.189,4,chicago-house
19,183918,FALSE,0.871,0.905,10,-6.757,0,0.259,0.132,0.000101,0.557,0.82,123.029,4,chicago-house
31,195483,FALSE,0.723,0.705,10,-5.358,0,0.0367,0.00191,0.11,0.611,0.273,123.989,4,chicago-house
43,298053,FALSE,0.803,0.781,6,-7.419,0,0.0461,0.0312,0.114,0.0793,0.462,123.995,4,chicago-house
17,426689,FALSE,0.845,0.327,8,-10.622,1,0.0541,0.0583,0.814,0.119,0.19,125.994,4,chicago-house
35,193024,FALSE,0.686,0.875,1,-3.705,0,0.0784,0.0327,0.000118,0.279,0.499,125.001,4,chicago-house
44,375880,FALSE,0.897,0.32,1,-13.873,1,0.0539,0.113,0.0841,0.107,0.672,110.019,4,chicago-house
15,426046,FALSE,0.802,0.655,11,-10.024,0,0.106,0.000134,0.924,0.0653,0.388,129.01,4,chicago-house
17,305825,FALSE,0.682,0.935,10,-6.861,0,0.0627,0.00533,0.672,0.241,0.302,112.059,4,chicago-house
16,245626,FALSE,0.868,0.763,3,-7.448,1,0.0355,0.0124,0.00516,0.0729,0.972,125.007,4,chicago-house
18,320757,FALSE,0.732,0.874,9,-6.43,0,0.0335,0.0692,0.00142,0.143,0.705,123.757,4,chicago-house
48,325386,FALSE,0.905,0.676,10,-4.349,0,0.0518,0.219,0.0774,0.116,0.776,115.976,4,chicago-house
17,445197,FALSE,0.779,0.543,11,-9.494,0,0.0369,0.00479,0.737,0.106,0.269,107.999,4,chicago-house
16,469268,FALSE,0.831,0.597,9,-6.853,0,0.0519,0.0553,0.759,0.154,0.545,123.006,4,chicago-house
17,247000,FALSE,0.678,0.937,7,-5.56,1,0.0432,0.187,0.000159,0.13,0.96,120.002,4,chicago-house
17,389032,FALSE,0.824,0.675,6,-4.073,1,0.0613,0.00155,0.655,0.0948,0.244,124.007,4,chicago-house
16,304640,FALSE,0.737,0.861,1,-10.187,0,0.0329,0.00371,2.66e-05,0.0272,0.956,119.992,4,chicago-house
16,551360,FALSE,0.867,0.524,1,-13.069,1,0.201,0.0829,0.841,0.1,0.261,123.708,4,chicago-house
15,261106,FALSE,0.641,0.732,6,-9.107,0,0.0284,0.00598,0.000123,0.0385,0.272,125.007,4,chicago-house
15,267517,FALSE,0.681,0.937,2,-5.15,0,0.0426,0.101,0.679,0.0798,0.908,117.027,4,chicago-house
16,472084,FALSE,0.671,0.672,6,-11.217,1,0.0424,0.0221,0.662,0.33,0.352,120.5,4,chicago-house
18,373761,FALSE,0.735,0.518,2,-14.334,1,0.0702,0.223,0.858,0.111,0.164,109.002,4,chicago-house
16,191695,FALSE,0.71,0.879,2,-6.655,1,0.0458,0.0117,0.904,0.0826,0.859,124.972,4,chicago-house
16,302905,FALSE,0.647,0.515,9,-12.648,0,0.0335,0.0424,0.295,0.229,0.254,115.12,4,chicago-house
16,332866,FALSE,0.665,0.723,11,-12.277,0,0.0368,0.0259,0.00469,0.0799,0.74,121.473,4,chicago-house
16,408518,FALSE,0.639,0.843,9,-5.857,0,0.0522,3.92e-05,0.0258,0.0519,0.584,124.001,4,chicago-house
18,152826,FALSE,0.782,0.924,10,-6.102,1,0.0371,0.212,0.88,0.157,0.883,127.984,4,chicago-house
17,267312,FALSE,0.742,0.488,11,-9.349,0,0.0256,0.0473,0.0376,0.139,0.248,123.98,4,chicago-house
18,240000,FALSE,0.579,0.768,9,-7.608,0,0.0275,0.229,0.321,0.339,0.731,110.018,4,chicago-house
18,417640,FALSE,0.808,0.388,8,-15.766,1,0.046,0.00366,0.00162,0.075,0.602,123.167,4,chicago-house
17,286126,FALSE,0.713,0.745,7,-8.683,1,0.0385,0.000159,0.873,0.155,0.854,124.984,4,chicago-house
16,430946,FALSE,0.767,0.807,10,-8.786,0,0.0496,0.00128,0.393,0.0889,0.444,125.915,4,chicago-house
18,275240,FALSE,0.754,0.96,4,-9.502,0,0.0706,0.00028,0.842,0.123,0.582,123.253,4,chicago-house
16,470342,FALSE,0.824,0.601,4,-7.681,0,0.0628,0.000353,0.019,0.0382,0.325,124.004,4,chicago-house
16,291747,FALSE,0.819,0.7,10,-6.008,0,0.0958,0.00146,0.0198,0.0758,0.591,123.97,4,chicago-house
17,512640,FALSE,0.867,0.391,0,-12.229,1,0.079,0.00926,0.351,0.0685,0.591,125.996,4,chicago-house
16,301586,FALSE,0.741,0.89,7,-6.814,1,0.0586,0.00192,0.00442,0.111,0.386,126.665,4,chicago-house
17,244133,FALSE,0.846,0.903,2,-7.245,0,0.0418,0.00141,0.788,0.0786,0.925,126.005,4,chicago-house
16,299413,FALSE,0.744,0.403,8,-18.022,0,0.0522,0.000462,0.0979,0.364,0.79,122.935,4,chicago-house
16,254933,FALSE,0.825,0.46,5,-8.577,0,0.105,0.0373,0.39,0.588,0.519,124.006,4,chicago-house
18,417706,FALSE,0.71,0.616,0,-16.306,1,0.11,0.0344,0.226,0.0935,0.401,120.391,4,chicago-house
18,356160,FALSE,0.892,0.682,5,-6.243,1,0.0443,0.0355,0.142,0.0684,0.713,123.027,4,chicago-house
17,348794,FALSE,0.698,0.777,8,-10.16,0,0.0425,0.0174,0.914,0.185,0.869,117.525,4,chicago-house
17,305333,FALSE,0.775,0.737,10,-16.082,0,0.0636,0.0147,0.0236,0.0967,0.855,118.733,4,chicago-house
18,356053,FALSE,0.894,0.722,5,-4.72,1,0.044,0.0341,0.117,0.0796,0.696,123.017,4,chicago-house
17,237988,FALSE,0.664,0.855,5,-10.03,1,0.0482,0.00965,0.000173,0.137,0.924,122.125,4,chicago-house
16,241053,FALSE,0.606,0.742,9,-11.04,1,0.0334,1.27e-05,0.913,0.0458,0.301,132.104,4,chicago-house
18,205000,FALSE,0.804,0.814,4,-9.391,1,0.0575,0.00489,0.573,0.108,0.324,123.999,4,chicago-house
16,367026,FALSE,0.802,0.584,10,-9.583,0,0.102,0.00866,0.308,0.0822,0.76,127.01,4,chicago-house
18,155960,FALSE,0.848,0.595,1,-7.728,1,0.284,0.000599,0.741,0.0604,0.916,163.072,3,chicago-house
17,399266,FALSE,0.737,0.802,9,-9.526,1,0.0599,0.000591,0.868,0.0288,0.665,123.619,4,chicago-house
16,349456,FALSE,0.766,0.722,7,-5.652,0,0.0505,0.00106,0.49,0.0865,0.709,124.978,4,chicago-house
19,192186,FALSE,0.877,0.933,5,-7.142,0,0.0788,0.000121,0.771,0.129,0.702,126.906,4,chicago-house
43,368746,FALSE,0.909,0.513,1,-6.997,1,0.0432,0.147,0.0204,0.15,0.746,110.015,4,chicago-house
35,394352,FALSE,0.707,0.763,4,-5.329,1,0.0459,0.00367,0.461,0.151,0.694,129.992,4,chicago-house
45,227265,FALSE,0.837,0.934,0,-3.575,1,0.0876,0.0116,0.627,0.38,0.847,124.044,4,chicago-house
31,216000,FALSE,0.757,0.723,1,-7.632,1,0.034,0.0407,1.67e-06,0.111,0.594,100.039,4,chicago-house
15,310893,FALSE,0.782,0.742,6,-9.627,1,0.0665,0.0753,0,0.0965,0.587,120.594,4,chicago-house
15,422873,FALSE,0.874,0.776,9,-8.549,1,0.0526,2.11e-05,0.177,0.0786,0.955,123.544,4,chicago-house
15,426689,FALSE,0.845,0.327,8,-10.622,1,0.054,0.0568,0.816,0.119,0.191,125.994,4,chicago-house
14,349260,FALSE,0.815,0.872,6,-7.308,0,0.0484,0.0754,0.876,0.122,0.494,119.002,4,chicago-house
15,745053,FALSE,0.784,0.983,8,-10.336,0,0.068,0.00831,0.923,0.0945,0.6,118.559,4,chicago-house
14,227818,FALSE,0.865,0.683,11,-7.708,0,0.0556,0.00156,0.179,0.0214,0.469,124,4,chicago-house
15,164507,FALSE,0.71,0.839,11,-6.57,1,0.072,0.00465,1.67e-06,0.324,0.604,124.007,4,chicago-house
15,281253,FALSE,0.647,0.44,11,-15.182,0,0.0379,0.0175,0.0364,0.103,0.644,118.035,4,chicago-house
15,317419,FALSE,0.807,0.839,1,-10.969,1,0.0512,0.000367,0.836,0.276,0.62,124.01,4,chicago-house
14,233871,FALSE,0.926,0.708,9,-9.785,1,0.0429,0.0016,0.0106,0.0497,0.956,128.08,4,chicago-house
14,228501,FALSE,0.721,0.866,9,-7.162,1,0.0447,0.000283,0.829,0.143,0.742,128.004,4,chicago-house
16,424506,FALSE,0.769,0.64,9,-12.873,0,0.0566,0.00229,0.766,0.059,0.81,122.011,4,chicago-house
15,284560,FALSE,0.701,0.79,0,-10.226,0,0.0369,0.0101,0.000237,0.142,0.851,120.506,4,chicago-house
16,438054,FALSE,0.564,0.942,0,-6.235,1,0.0393,0.00282,0.823,0.108,0.508,120.662,4,chicago-house
15,317133,FALSE,0.534,0.683,7,-12.996,1,0.0358,0.00915,0.894,0.0966,0.627,120.028,4,chicago-house
14,408373,FALSE,0.717,0.494,6,-16.715,0,0.0585,0.338,0.386,0.641,0.732,120.261,4,chicago-house
29,402140,FALSE,0.826,0.694,1,-5.44,1,0.0469,0.0028,0.122,0.0512,0.76,124.999,4,chicago-house
15,333860,FALSE,0.665,0.902,4,-6.319,0,0.0429,0.049,0.000684,0.107,0.517,116.792,4,chicago-house
15,254412,FALSE,0.776,0.79,11,-12.669,0,0.0913,0.531,0.767,0.278,0.735,127.485,4,chicago-house
15,306624,FALSE,0.781,0.916,10,-7.038,0,0.196,0.068,0.845,0.0777,0.548,129.034,4,chicago-house
15,295291,FALSE,0.827,0.842,11,-9.589,1,0.106,0.16,0.000204,0.0731,0.816,130.797,4,chicago-house
15,459133,FALSE,0.757,0.911,1,-7.439,0,0.0447,0.000328,0.332,0.105,0.744,126,4,chicago-house
15,381520,FALSE,0.83,0.358,2,-16.314,1,0.0921,0.00167,0.274,0.0695,0.303,121.899,4,chicago-house
15,236253,FALSE,0.764,0.6,5,-11.107,0,0.0369,0.000163,2.09e-05,0.0961,0.6,121.723,4,chicago-house
15,387654,FALSE,0.816,0.605,9,-8.47,0,0.133,0.00143,0.356,0.0574,0.587,123.99,4,chicago-house
15,386053,TRUE,0.673,0.874,11,-5.315,1,0.129,0.0721,4.55e-06,0.127,0.723,115.47,4,chicago-house
14,330652,FALSE,0.787,0.737,8,-4.295,1,0.0829,0.00203,3.58e-05,0.0836,0.82,118.416,4,chicago-house
15,447096,FALSE,0.842,0.823,9,-7.551,1,0.121,0.000724,0.0244,0.0478,0.531,124.022,4,chicago-house
15,828693,FALSE,0.908,0.821,6,-4.273,0,0.0413,0.00279,0.19,0.104,0.701,123.99,4,chicago-house
14,417165,FALSE,0.846,0.448,1,-13.209,1,0.0575,0.0138,0.837,0.0746,0.467,127.979,4,chicago-house
15,260372,FALSE,0.749,0.877,9,-12.093,1,0.0424,0.000181,0.797,0.153,0.735,122.831,4,chicago-house
15,347106,FALSE,0.764,0.553,11,-11.597,0,0.0444,0.0205,0.901,0.0809,0.264,104.292,4,chicago-house
15,305119,FALSE,0.718,0.915,1,-3.639,1,0.0465,0.048,4.31e-05,0.128,0.365,116.928,4,chicago-house
15,561742,FALSE,0.705,0.869,4,-7.311,0,0.0407,0.000331,0.756,0.317,0.663,126.022,4,chicago-house
16,296258,FALSE,0.726,0.849,7,-7.555,1,0.0384,0.00051,0.295,0.244,0.681,130.241,4,chicago-house
16,261100,FALSE,0.646,0.729,6,-9.117,0,0.028,0.00674,0.000146,0.0365,0.245,124.983,4,chicago-house
15,379520,FALSE,0.67,0.679,0,-5.989,0,0.267,0.0119,0.0538,0.0856,0.43,129.983,4,chicago-house
14,419360,FALSE,0.688,0.719,10,-7.746,0,0.0413,0.000325,0.855,0.066,0.674,119.93,4,chicago-house
15,253933,FALSE,0.727,0.938,0,-13.92,1,0.0532,0.000723,0.259,0.099,0.933,121.554,4,chicago-house
16,265066,FALSE,0.823,0.518,1,-14.343,0,0.0489,0.00278,0.000147,0.099,0.588,116.645,4,chicago-house
13,208626,FALSE,0.98,0.454,7,-7.141,1,0.0637,0.0312,0.00174,0.0835,0.285,130.027,4,chicago-house
15,234853,FALSE,0.606,0.486,10,-10.198,0,0.027,0.0318,0.0401,0.0916,0.484,138.005,4,chicago-house
15,271059,FALSE,0.571,0.797,0,-7.258,0,0.0446,0.139,0.713,0.258,0.71,170.012,4,chicago-house
13,378920,FALSE,0.933,0.515,3,-5.488,0,0.176,0.00386,0.38,0.113,0.903,127.011,4,chicago-house
15,403550,FALSE,0.59,0.797,9,-6.978,0,0.0598,3.76e-05,0.812,0.104,0.35,123.805,4,chicago-house
23,250594,FALSE,0.66,0.898,6,-5.85,1,0.0392,0.000745,0.224,0.118,0.812,123.014,4,chicago-house
32,556908,FALSE,0.771,0.618,10,-9.995,0,0.0521,0.00783,0.916,0.103,0.0765,124.992,4,chicago-house
43,340813,FALSE,0.687,0.505,9,-12.141,0,0.0494,0.0959,0.9,0.0888,0.677,114.775,4,chicago-house
13,456125,FALSE,0.745,0.76,10,-6.717,1,0.0416,0.000509,0.358,0.357,0.333,119.995,4,chicago-house
13,324506,FALSE,0.81,0.924,6,-12.636,1,0.0636,5.62e-05,0.876,0.108,0.872,118.849,4,chicago-house
14,321775,FALSE,0.851,0.86,6,-7.832,1,0.0772,4.12e-06,0.957,0.0704,0.675,132.858,4,chicago-house
45,280653,FALSE,0.816,0.747,9,-8.058,1,0.348,0.000323,0.231,0.136,0.389,120.976,4,chicago-house
14,151967,FALSE,0.694,0.817,9,-4.754,0,0.0358,0.000352,0,0.0848,0.803,121.987,4,chicago-house
14,247000,FALSE,0.678,0.937,7,-5.56,1,0.0432,0.187,0.000159,0.13,0.96,120.002,4,chicago-house
13,313626,FALSE,0.916,0.397,9,-11.782,0,0.0941,0.00199,0.00243,0.0489,0.707,124.054,4,chicago-house
14,261266,FALSE,0.81,0.545,9,-12.579,0,0.0477,0.11,0.00318,0.246,0.726,95.31,4,chicago-house
13,314688,FALSE,0.913,0.18,1,-10.984,1,0.416,0.00187,6.24e-06,0.211,0.703,121.102,4,chicago-house
13,210000,FALSE,0.703,0.662,9,-12.14,0,0.0351,0.00225,0.938,0.155,0.606,127.987,4,chicago-house
13,473920,FALSE,0.748,0.814,1,-8.906,1,0.0491,0.00205,0.00373,0.0207,0.499,121.997,4,chicago-house
13,351085,FALSE,0.735,0.729,7,-10.908,1,0.0519,9.59e-05,0.879,0.0761,0.284,126.013,4,chicago-house
14,263401,FALSE,0.886,0.415,0,-9.776,1,0.475,0.0077,2.08e-06,0.109,0.743,121.045,4,chicago-house
14,368352,FALSE,0.699,0.524,4,-12.183,0,0.0573,0.0622,0.845,0.0656,0.661,109.984,4,chicago-house
14,394028,FALSE,0.818,0.675,1,-9.087,1,0.0687,0.000512,0.804,0.091,0.845,123.687,4,chicago-house
12,268051,FALSE,0.976,0.98,2,-2.028,1,0.138,8.27e-05,0.000309,0.206,0.578,122.514,4,chicago-house
14,217702,FALSE,0.803,0.712,8,-4.57,1,0.044,0.00172,2.44e-05,0.0629,0.509,116.016,4,chicago-house
14,367026,FALSE,0.802,0.584,10,-9.583,0,0.102,0.00866,0.308,0.0822,0.76,127.01,4,chicago-house
14,299293,FALSE,0.761,0.603,9,-15.039,1,0.102,0.00072,0.924,0.0883,0.345,120.831,4,chicago-house
14,199472,TRUE,0.907,0.806,6,-7.072,1,0.0807,0.00211,8.46e-06,0.0882,0.506,117.514,4,chicago-house
13,286448,FALSE,0.722,0.844,11,-8.814,1,0.0484,0.00011,0.782,0.0517,0.901,123.998,4,chicago-house
14,333628,FALSE,0.763,0.983,1,-6.796,1,0.111,0.00204,0.00104,0.893,0.64,125.142,4,chicago-house
14,220866,FALSE,0.719,0.912,2,-10.902,1,0.0448,0.000402,0.652,0.0938,0.542,119.596,4,chicago-house
14,454733,FALSE,0.85,0.671,1,-9.308,1,0.0422,0.00215,0.0225,0.0396,0.4,126.09,4,chicago-house
14,197142,FALSE,0.798,0.868,7,-6.933,1,0.0573,0.000216,0.829,0.177,0.906,126.031,4,chicago-house
13,386229,FALSE,0.554,0.767,10,-11.766,0,0.104,0.0115,0.846,0.127,0.48,122.386,4,chicago-house
13,302950,FALSE,0.668,0.91,10,-8.417,0,0.0384,1.1e-05,0.915,0.337,0.903,123.45,4,chicago-house
13,340613,FALSE,0.672,0.559,2,-12.426,0,0.0349,0.0462,0.000466,0.102,0.512,109.99,4,chicago-house
14,421120,FALSE,0.781,0.411,8,-17.694,1,0.0761,0.112,0.881,0.0918,0.735,119.974,4,chicago-house
14,368482,FALSE,0.805,0.556,11,-11.594,0,0.107,0.000744,0.579,0.114,0.512,123.157,4,chicago-house
14,379600,FALSE,0.707,0.911,9,-7.54,1,0.0497,0.0391,0.784,0.127,0.642,122.658,4,chicago-house
14,315935,FALSE,0.815,0.337,9,-13.557,0,0.0431,0.154,0.397,0.0991,0.677,117.897,4,chicago-house
14,248306,TRUE,0.781,0.894,7,-4.909,1,0.0929,0.00895,0.865,0.0258,0.854,117.4,4,chicago-house
13,285820,FALSE,0.781,0.905,8,-6.901,1,0.104,0.00149,2.86e-05,0.128,0.647,123.602,4,chicago-house
14,470322,FALSE,0.827,0.61,4,-7.693,0,0.0629,0.000332,0.0235,0.0377,0.338,123.996,4,chicago-house
14,369677,FALSE,0.782,0.805,1,-7.883,1,0.0666,0.00654,0.0172,0.0531,0.595,124.984,4,chicago-house
14,180280,FALSE,0.624,0.888,9,-8.475,1,0.0358,0.114,0.867,0.123,0.673,127.972,4,chicago-house
14,211026,FALSE,0.764,0.936,0,-6.751,0,0.0432,0.000171,0.355,0.0644,0.948,122.006,4,chicago-house
13,323492,FALSE,0.583,0.814,9,-5.864,0,0.0313,0.0206,0.927,0.262,0.904,123.043,4,chicago-house
14,391371,FALSE,0.665,0.762,7,-7.161,1,0.0382,0.00166,0.000277,0.0525,0.642,120.915,4,chicago-house
12,512559,FALSE,0.763,0.736,0,-11.274,1,0.0346,0.00164,0.00379,0.309,0.729,125.989,4,chicago-house
14,292160,FALSE,0.714,0.799,10,-8.319,0,0.048,0.00108,0.00174,0.371,0.798,123.064,4,chicago-house
12,4334721,FALSE,0.846,0.744,10,-9.26,0,0.0611,0.00371,0.335,0.313,0.532,125.434,4,chicago-house
14,407591,FALSE,0.948,0.411,10,-7.538,0,0.0507,0.001,0.00451,0.0584,0.205,123.992,4,chicago-house
14,299533,FALSE,0.783,0.743,11,-16.158,1,0.0662,0.000541,0.967,0.0768,0.781,125.652,4,chicago-house
12,346341,FALSE,0.788,0.85,10,-6.502,0,0.0538,0.000296,0.000983,0.14,0.567,123.385,4,chicago-house
14,363933,FALSE,0.796,0.855,11,-5.21,1,0.0603,0.0088,0.625,0.0826,0.24,128.003,4,chicago-house
21,393413,FALSE,0.76,0.772,1,-4.872,1,0.0935,0.0294,0.0124,0.361,0.674,121.996,4,chicago-house
29,647537,FALSE,0.918,0.433,6,-8.648,0,0.0749,0.00578,0.0532,0.076,0.649,127.274,4,chicago-house
45,417706,FALSE,0.71,0.616,0,-16.306,1,0.116,0.0344,0.225,0.0936,0.398,120.385,4,chicago-house
13,324640,FALSE,0.669,0.874,1,-6.072,1,0.0562,0.00301,0.926,0.128,0.497,122.303,4,chicago-house
12,209801,FALSE,0.75,0.765,1,-7.163,1,0.227,0.000863,0.0158,0.829,0.492,124.953,4,chicago-house
11,262857,FALSE,0.803,0.768,10,-5.521,0,0.0471,0.00856,0.706,0.045,0.495,126.024,4,chicago-house
13,424294,FALSE,0.545,0.691,4,-14.343,0,0.0309,0.247,0.828,0.107,0.103,99.953,4,chicago-house
13,296906,FALSE,0.748,0.676,11,-9.932,0,0.055,2.75e-05,0.785,0.0566,0.627,121.364,4,chicago-house
13,373173,FALSE,0.833,0.856,8,-9.705,1,0.045,0.0052,0.553,0.0284,0.867,124.998,4,chicago-house
13,453740,FALSE,0.812,0.949,1,-6.319,1,0.0743,0.00135,0.944,0.0471,0.66,126.248,4,chicago-house
13,286813,FALSE,0.775,0.854,6,-8.555,1,0.0919,0.0677,0.936,0.0824,0.677,142.077,4,chicago-house
12,508400,FALSE,0.809,0.598,11,-12.206,1,0.0952,0.00458,0.905,0.311,0.401,124.899,4,chicago-house
13,280133,FALSE,0.85,0.832,6,-9.934,1,0.0835,0.00949,0.863,0.0991,0.37,127.998,4,chicago-house
12,512320,FALSE,0.804,0.653,7,-9.913,1,0.0589,0.0102,0.312,0.373,0.779,132.645,4,chicago-house
11,416239,FALSE,0.74,0.712,0,-7.957,1,0.0603,0.00092,0.77,0.095,0.675,123.503,4,chicago-house
12,347908,FALSE,0.685,0.819,5,-5.655,0,0.143,0.00464,0.0929,0.301,0.671,124.034,4,chicago-house
13,376457,FALSE,0.588,0.601,1,-10.682,0,0.0978,0.117,0.832,0.14,0.504,194.03,4,chicago-house
13,294999,FALSE,0.973,0.895,0,-8.268,1,0.411,0.000711,0.268,0.119,0.38,132.011,4,chicago-house
13,579546,FALSE,0.669,0.811,1,-6.486,0,0.0545,0.0116,0.673,0.0541,0.944,123.011,4,chicago-house
13,306800,FALSE,0.694,0.647,6,-11.887,0,0.0329,0.424,0.526,0.113,0.578,120.021,4,chicago-house
12,428140,FALSE,0.7,0.825,2,-8.691,1,0.0352,0.00609,0.712,0.58,0.639,119.979,4,chicago-house
12,321346,FALSE,0.688,0.609,9,-9.415,0,0.0379,0.516,0.00212,0.284,0.658,97.104,4,chicago-house
11,247032,FALSE,0.778,0.714,11,-9.542,0,0.0546,5.88e-05,0.924,0.0625,0.7,124.411,4,chicago-house
13,182042,FALSE,0.71,0.904,4,-4.815,0,0.0507,0.00181,0.0232,0.0739,0.944,127.012,4,chicago-house
12,461560,FALSE,0.703,0.821,10,-14.908,0,0.0464,0.054,0.918,0.0947,0.912,124.985,4,chicago-house
12,404520,FALSE,0.81,0.95,6,-5.415,0,0.0733,2.76e-05,0.0635,0.0952,0.501,124.993,4,chicago-house
12,508500,FALSE,0.713,0.875,2,-9.155,1,0.0484,0.0705,0.863,0.163,0.345,129.933,4,chicago-house
13,532480,FALSE,0.804,0.871,10,-9.288,0,0.0663,0.000131,0.937,0.0862,0.0958,123.023,4,chicago-house
12,185806,FALSE,0.804,0.796,11,-6.113,0,0.112,0.0335,0.461,0.111,0.278,124.008,4,chicago-house
13,170400,FALSE,0.909,0.494,3,-12.508,0,0.0681,0.00124,0.17,0.0801,0.734,124.988,4,chicago-house
12,332303,FALSE,0.738,0.963,8,-8.185,1,0.0619,0.000182,0.918,0.0472,0.439,125.122,4,chicago-house
13,274520,FALSE,0.9,0.445,0,-13.079,0,0.057,0.0345,0.115,0.0768,0.956,119.993,4,chicago-house
13,219880,FALSE,0.791,0.612,2,-14.159,1,0.0571,0.0044,0.78,0.0493,0.453,119.105,4,chicago-house
13,419762,FALSE,0.741,0.896,6,-8.976,0,0.038,9.16e-05,0.54,0.583,0.672,127.991,4,chicago-house
12,222493,FALSE,0.661,0.841,9,-5.849,1,0.0344,0.00153,0.00348,0.358,0.211,129.99,4,chicago-house
13,344838,FALSE,0.824,0.645,6,-9.578,1,0.0574,8.05e-05,0.909,0.0756,0.607,123.656,4,chicago-house
14,556848,FALSE,0.904,0.567,7,-9.803,1,0.044,0.00186,0.948,0.0555,0.486,114.987,4,chicago-house
12,138800,FALSE,0.818,0.572,0,-5.376,1,0.143,0.0164,0,0.296,0.414,136.018,4,chicago-house
14,221074,FALSE,0.632,0.803,6,-10.758,1,0.0461,0.000119,0.528,0.205,0.888,132.081,4,chicago-house
12,341208,FALSE,0.901,0.917,5,-5.167,0,0.171,0.0101,0.612,0.0524,0.624,123.009,4,chicago-house
13,465978,FALSE,0.82,0.579,8,-5.037,1,0.0413,0.000825,0.00647,0.0372,0.658,115.995,4,chicago-house
11,425146,FALSE,0.79,0.82,10,-9.701,0,0.0554,0.003,0.269,0.0548,0.532,125.923,4,chicago-house
13,319205,FALSE,0.803,0.451,7,-11.116,1,0.0514,0.00017,0.949,0.102,0.811,116.013,4,chicago-house
13,251373,FALSE,0.686,0.705,7,-11.567,0,0.0453,0.0173,0.942,0.0744,0.769,113.012,4,chicago-house
12,405026,FALSE,0.703,0.541,7,-18.39,1,0.0469,0.0515,0.274,0.113,0.961,119.732,4,chicago-house
11,4339826,FALSE,0.806,0.582,1,-12.181,1,0.0874,0.0083,0.237,0.328,0.686,128.368,4,chicago-house
11,454988,FALSE,0.744,0.81,1,-11.118,1,0.0473,0.024,0.907,0.0606,0.715,123.018,4,chicago-house
12,485290,FALSE,0.784,0.895,6,-9.533,1,0.0601,0.000175,0.887,0.646,0.289,127.008,4,chicago-house
13,414249,FALSE,0.784,0.705,11,-5.885,0,0.06,0.0152,0.00708,0.11,0.514,123.258,4,chicago-house
12,396503,FALSE,0.64,0.779,5,-6.338,0,0.0826,0.000526,0.571,0.11,0.69,126.054,4,chicago-house
39,302175,FALSE,0.844,0.58,10,-10.384,0,0.0769,0.00053,0.375,0.289,0.285,123.998,4,chicago-house
18,374136,FALSE,0.82,0.672,0,-7.212,1,0.0413,0.033,0.173,0.0976,0.68,127.992,4,chicago-house
39,270746,FALSE,0.645,0.877,7,-10.616,1,0.0456,0.00657,0.858,0.127,0.473,124.697,4,chicago-house
35,393438,FALSE,0.702,0.867,10,-8.143,0,0.0568,4.7e-05,0.925,0.179,0.262,129.94,4,chicago-house
11,352874,FALSE,0.97,0.952,1,-5.723,1,0.272,0.0323,0.926,0.0881,0.251,133.004,4,chicago-house
13,272973,FALSE,0.761,0.811,1,-11.709,1,0.0544,0.0508,0.835,0.0792,0.763,136.012,4,chicago-house
41,189565,FALSE,0.803,0.843,11,-9.254,1,0.0668,0.0028,0.68,0.107,0.504,124.002,4,chicago-house
40,152693,FALSE,0.757,0.805,7,-11.558,1,0.0333,0.0999,0.911,0.112,0.772,119.493,4,chicago-house
44,405760,FALSE,0.785,0.907,4,-4.15,0,0.118,0.0156,1.14e-06,0.513,0.565,122.311,4,chicago-house
12,264426,FALSE,0.754,0.539,7,-10.188,0,0.0239,0.124,0.000293,0.132,0.595,95.77,4,chicago-house
11,490119,FALSE,0.788,0.931,1,-6.765,1,0.073,9.52e-05,0.79,0.0312,0.725,126.013,4,chicago-house
12,292581,FALSE,0.798,0.881,1,-7.581,0,0.048,0.000197,0.948,0.0907,0.73,130.662,4,chicago-house
12,288200,FALSE,0.714,0.771,7,-12.067,1,0.0509,0.0016,0.831,0.895,0.503,111.777,4,chicago-house
11,597013,FALSE,0.707,0.571,1,-15.311,1,0.0479,0.000265,0.904,0.0792,0.875,124.008,4,chicago-house
12,328893,FALSE,0.908,0.743,10,-10.688,0,0.269,0.00151,0.768,0.0393,0.576,128.358,4,chicago-house
11,570413,FALSE,0.821,0.951,3,-5.054,0,0.0576,0.369,0.895,0.0696,0.472,126.495,4,chicago-house
11,338307,FALSE,0.667,0.605,11,-14.61,0,0.0473,0.0903,0.888,0.102,0.343,126.562,4,chicago-house
12,235772,FALSE,0.736,0.588,3,-8.214,0,0.036,0.0104,0.477,0.123,0.522,109.999,4,chicago-house
12,408671,FALSE,0.716,0.667,4,-10.016,0,0.0619,0.248,0.839,0.103,0.389,109.002,4,chicago-house
11,427200,FALSE,0.739,0.59,3,-12.259,0,0.048,0.302,0.879,0.0419,0.872,99.975,4,chicago-house
11,305660,FALSE,0.745,0.837,10,-7.614,0,0.0483,0.00367,0.326,0.296,0.57,129.953,4,chicago-house
12,147840,FALSE,0.795,0.511,6,-10.648,1,0.0638,1.59e-05,0.762,0.0912,0.619,131.911,4,chicago-house
11,375750,FALSE,0.813,0.769,5,-9.034,0,0.0369,0.00281,0.697,0.0522,0.519,123.015,4,chicago-house
11,255200,FALSE,0.638,0.742,7,-11.421,1,0.0485,0.0111,9.45e-05,0.0762,0.698,120.772,4,chicago-house
11,374413,FALSE,0.804,0.686,10,-8.785,0,0.0481,0.00691,0.766,0.104,0.673,125.014,4,chicago-house
12,299360,FALSE,0.66,0.743,5,-11.062,0,0.0655,0.0744,0.00071,0.179,0.388,117.834,4,chicago-house
11,337544,FALSE,0.782,0.463,2,-13.078,1,0.0469,0.012,0.000119,0.302,0.826,122.091,4,chicago-house
12,425119,FALSE,0.799,0.941,0,-6.053,1,0.0465,0.0124,0.0662,0.106,0.756,128.489,4,chicago-house
12,299560,FALSE,0.73,0.537,1,-13.389,1,0.0626,0.0829,0.915,0.0483,0.931,121.01,4,chicago-house
11,664130,FALSE,0.921,0.611,7,-8.423,1,0.0637,0.0017,0.91,0.0374,0.561,114.963,4,chicago-house
11,262337,FALSE,0.85,0.467,4,-9.319,0,0.0442,0.0217,0.931,0.134,0.559,107.031,4,chicago-house
11,372610,FALSE,0.888,0.702,2,-11.143,1,0.0626,0.000971,0.853,0.0731,0.924,119.154,4,chicago-house
12,306320,FALSE,0.666,0.397,11,-14.295,0,0.216,0.0186,0.791,0.0932,0.697,216.108,4,chicago-house
11,369138,FALSE,0.594,0.904,8,-8.91,1,0.0368,0.046,0.768,0.112,0.462,108,4,chicago-house
13,412520,FALSE,0.72,0.73,11,-12.61,0,0.0791,0.142,0.921,0.499,0.562,134.579,4,chicago-house
11,391680,FALSE,0.744,0.85,7,-6.969,1,0.0529,0.00681,0.89,0.0532,0.845,124.993,4,chicago-house
11,391424,FALSE,0.759,0.664,10,-10.625,0,0.0808,0.00233,0.196,0.114,0.532,125.612,4,chicago-house
12,531293,FALSE,0.769,0.904,1,-4.893,1,0.0452,0.0567,0.0343,0.0509,0.914,122.001,4,chicago-house
12,411946,FALSE,0.805,0.765,10,-8.301,0,0.0674,0.0107,0.327,0.23,0.909,121.904,4,chicago-house
12,480414,FALSE,0.744,0.771,2,-8.384,1,0.0607,0.00375,0.319,0.107,0.544,123.023,4,chicago-house
12,379733,FALSE,0.694,0.605,7,-9.876,1,0.0869,0.000211,0.739,0.108,0.313,127.68,4,chicago-house
12,71133,FALSE,0.875,0.796,4,-10.807,0,0.207,0.00188,0.00222,0.081,0.958,135.026,4,chicago-house
12,661952,FALSE,0.712,0.976,1,-7.57,1,0.0964,0.00504,0.957,0.225,0.101,121.988,4,chicago-house
12,374092,FALSE,0.809,0.533,10,-8.416,0,0.0699,0.000406,0.408,0.0547,0.48,124.85,4,chicago-house
11,359999,FALSE,0.663,0.702,7,-9.069,1,0.0268,0.0718,0.899,0.256,0.447,99.976,4,chicago-house
11,249093,FALSE,0.616,0.58,10,-14.389,0,0.0464,0.0483,2.6e-05,0.0611,0.625,85.8,4,chicago-house
11,384466,FALSE,0.905,0.482,0,-12.907,1,0.0556,0.00843,0.156,0.042,0.58,123.002,4,chicago-house
11,351487,FALSE,0.766,0.676,8,-8.162,1,0.0974,0.000226,0.0369,0.0829,0.589,122.012,4,chicago-house
11,192776,FALSE,0.833,0.938,5,-7.2,0,0.0998,0.00053,0.708,0.223,0.879,126.987,4,chicago-house
11,371612,FALSE,0.813,0.862,10,-7.747,0,0.072,0.00829,0.0101,0.0926,0.521,123.901,4,chicago-house
18,428086,FALSE,0.761,0.666,6,-4.388,1,0.0469,0.00038,0.0638,0.032,0.852,126.992,4,chicago-house
41,255259,FALSE,0.688,0.865,5,-8.77,0,0.0341,0.0111,0.491,0.226,0.439,125.01,4,chicago-house
38,477333,FALSE,0.656,0.899,1,-5.095,1,0.0303,0.00201,0.0969,0.0991,0.544,124.451,4,chicago-house
48,333771,FALSE,0.832,0.677,11,-8.78,0,0.105,0.00338,0.0153,0.0494,0.384,128.017,4,chicago-house
10,228186,FALSE,0.911,0.883,7,-6.51,1,0.216,0.00774,0.00955,0.0757,0.728,121.972,4,chicago-house
11,268600,FALSE,0.665,0.87,6,-12.887,0,0.0517,0.00429,0.259,0.0781,0.369,135.018,4,chicago-house
12,240000,FALSE,0.6,0.857,4,-6.635,0,0.036,0.013,0.624,0.088,0.385,126.019,4,chicago-house
10,437387,FALSE,0.805,0.302,4,-17.02,0,0.0994,0.00568,0.829,0.0808,0.615,129.003,4,chicago-house
12,322359,FALSE,0.621,0.861,1,-9.576,1,0.0439,0.000182,0.9,0.113,0.484,127.925,4,chicago-house
11,281933,FALSE,0.747,0.676,7,-6.941,1,0.055,0.000368,0.933,0.108,0.0373,132.07,4,chicago-house
11,278360,FALSE,0.835,0.876,1,-7.099,1,0.0814,0.0657,0.15,0.0266,0.344,128.482,4,chicago-house
10,279128,FALSE,0.771,0.934,11,-3.587,1,0.0526,0.00127,0.254,0.06,0.876,123.924,4,chicago-house
11,264960,FALSE,0.629,0.771,5,-9.379,0,0.0294,0.0125,0.304,0.311,0.192,124.992,4,chicago-house
10,424623,FALSE,0.792,0.858,8,-6.17,1,0.0485,0.000642,0.111,0.0478,0.277,123.001,4,chicago-house
10,256534,FALSE,0.911,0.82,7,-4.158,1,0.286,0.000972,0,0.118,0.71,121.795,4,chicago-house
11,280336,FALSE,0.782,0.926,2,-6.761,1,0.0428,4.1e-05,0.913,0.086,0.103,119.025,4,chicago-house
9,241855,FALSE,0.654,0.857,9,-6.245,0,0.0408,0.0029,0.000844,0.147,0.687,120.331,4,chicago-house
10,197317,FALSE,0.839,0.867,0,-10.997,1,0.101,0.00345,0.78,0.0641,0.463,123.05,4,chicago-house
11,291147,FALSE,0.781,0.752,1,-4.586,1,0.0756,0.00254,1.26e-05,0.0579,0.552,119.982,4,chicago-house
10,390060,FALSE,0.903,0.702,6,-5.893,1,0.117,0.000345,0.0061,0.0267,0.41,124.972,4,chicago-house
12,511999,FALSE,0.779,0.892,9,-7.494,1,0.0867,0.0128,0.0187,0.353,0.236,119.999,4,chicago-house
11,306826,FALSE,0.835,0.848,8,-8.282,1,0.0594,0.109,0.87,0.128,0.253,122.906,4,chicago-house
10,347586,FALSE,0.848,0.769,0,-12.635,1,0.046,0.00309,0.0181,0.0686,0.876,122.397,4,chicago-house
10,371963,FALSE,0.809,0.723,11,-8.415,0,0.0765,5.36e-05,0.899,0.337,0.224,124.995,4,chicago-house
10,438569,FALSE,0.604,0.941,7,-6.353,1,0.0634,0.0428,0.209,0.158,0.313,123.008,4,chicago-house
11,472140,FALSE,0.97,0.583,8,-6.992,0,0.0889,0.000868,0.665,0.0534,0.11,125.988,4,chicago-house
10,299016,FALSE,0.784,0.819,6,-4.107,0,0.0476,3.61e-05,0.0785,0.122,0.444,122.435,4,chicago-house
10,302903,FALSE,0.811,0.911,0,-9.267,1,0.0821,9.67e-05,0.819,0.0679,0.823,124.206,4,chicago-house
9,433807,FALSE,0.781,0.712,1,-8.787,0,0.0687,0.0186,0.706,0.0664,0.438,119.507,4,chicago-house
10,412186,FALSE,0.833,0.782,1,-5.742,1,0.039,0.000471,0.0536,0.292,0.744,123.994,4,chicago-house
10,185759,FALSE,0.722,0.673,5,-12.697,1,0.265,0.0736,0,0.169,0.695,123.989,4,chicago-house
11,171600,FALSE,0.769,0.566,5,-9.81,0,0.0348,0.271,0.849,0.235,0.921,120.009,4,chicago-house
11,394400,FALSE,0.873,0.636,7,-8.668,1,0.13,0.0959,0.00514,0.0673,0.69,123.635,4,chicago-house
10,408659,FALSE,0.796,0.485,1,-8.893,0,0.0622,8.02e-05,0.471,0.0737,0.814,124.994,4,chicago-house
44,310581,FALSE,0.782,0.669,10,-6.133,0,0.17,0.00184,0.273,0.0461,0.606,125.131,4,chicago-house
10,289663,FALSE,0.858,0.89,11,-4.363,1,0.0443,0.00113,0.872,0.604,0.816,123.994,4,chicago-house
10,397008,FALSE,0.808,0.636,1,-12.656,1,0.0516,0.00247,0.805,0.113,0.703,125.004,4,chicago-house
10,469294,FALSE,0.807,0.732,1,-9.957,1,0.0642,0.0016,0.853,0.0562,0.947,121.087,4,chicago-house
12,309866,FALSE,0.674,0.936,9,-6.6,1,0.0455,0.00874,0.815,0.263,0.611,124.023,4,chicago-house
10,349266,FALSE,0.745,0.88,2,-10.711,1,0.0611,0.0747,0.133,0.352,0.6,134.018,4,chicago-house
10,468050,FALSE,0.665,0.867,0,-5.577,1,0.0287,0.00243,0.0206,0.0873,0.648,118.996,4,chicago-house
10,186653,FALSE,0.715,0.859,3,-9.669,1,0.0507,0.0114,0.918,0.074,0.856,124.245,4,chicago-house
11,385785,FALSE,0.808,0.68,1,-13.032,1,0.114,0.000329,0.898,0.128,0.697,122.638,4,chicago-house
12,379097,FALSE,0.772,0.82,1,-7.014,1,0.05,8.95e-05,0.34,0.0468,0.552,126.025,4,chicago-house
11,4447520,FALSE,0.861,0.805,11,-6.461,0,0.0711,0.00548,0.577,0.135,0.545,129.306,4,chicago-house
9,433545,FALSE,0.765,0.418,7,-16.782,1,0.0406,0.00517,0.872,0.0672,0.553,129.966,4,chicago-house
11,250466,FALSE,0.712,0.694,10,-8.761,0,0.0355,0.00317,0.0677,0.0923,0.865,143.802,4,chicago-house
11,713202,FALSE,0.735,0.832,2,-6.198,1,0.0455,0.00394,0.754,0.544,0.224,131.995,4,chicago-house
11,307466,FALSE,0.726,0.743,6,-11.927,0,0.0333,0.0711,0.000126,0.0491,0.961,118.364,4,chicago-house
10,560692,FALSE,0.674,0.693,11,-10.005,0,0.0395,0.000276,0.936,0.0887,0.302,124.982,4,chicago-house
39,551999,FALSE,0.906,0.918,5,-8.041,0,0.0839,0.000146,0.845,0.116,0.51,126.953,4,chicago-house
32,739626,FALSE,0.795,0.861,6,-16.921,1,0.0744,0.0308,0.914,0.113,0.537,120.44,4,chicago-house
41,306231,FALSE,0.803,0.84,1,-7.715,1,0.0852,0.017,0.0936,0.114,0.943,122.543,4,chicago-house
10,162120,FALSE,0.981,0.776,11,-7.288,0,0.259,0.0307,5.43e-06,0.185,0.727,128.106,4,chicago-house
10,312533,FALSE,0.793,0.632,6,-13.029,0,0.0926,0.00114,0.889,0.0869,0.358,131.641,4,chicago-house
10,507987,FALSE,0.844,0.792,1,-6.418,1,0.049,5.16e-06,0.362,0.079,0.46,126.034,4,chicago-house
11,223004,FALSE,0.822,0.953,1,-6.524,0,0.0679,0.000418,0.664,0.331,0.6,126,4,chicago-house
11,164840,FALSE,0.669,0.401,2,-11.852,1,0.211,0.336,0.902,0.0823,0.574,175.983,4,chicago-house
11,369000,FALSE,0.892,0.879,9,-6.094,0,0.152,0.00366,0.513,0.0452,0.376,126,4,chicago-house
9,431718,FALSE,0.771,0.769,11,-10.529,1,0.0684,0.0029,0.85,0.328,0.425,129.02,4,chicago-house
10,319352,FALSE,0.804,0.851,11,-9.786,0,0.145,0.00101,0.0107,0.261,0.607,132.813,4,chicago-house
10,483557,FALSE,0.704,0.833,4,-8.285,0,0.0805,0.00345,0.903,0.0741,0.961,123.984,4,chicago-house
9,438024,FALSE,0.707,0.86,6,-8.273,1,0.0488,0.0352,0.93,0.247,0.605,123.024,4,chicago-house
10,510293,FALSE,0.835,0.708,7,-9.34,1,0.132,0.00792,0.858,0.317,0.611,127.096,4,chicago-house
10,487619,FALSE,0.765,0.953,5,-6.254,0,0.0587,0.00097,0.867,0.0992,0.559,126.005,4,chicago-house
10,158511,FALSE,0.661,0.975,9,-5.523,0,0.0481,0.048,0.00927,0.223,0.499,125.919,4,chicago-house
9,441904,FALSE,0.881,0.661,10,-7.216,0,0.0972,0.00118,0.883,0.0769,0.205,126.009,4,chicago-house
9,316840,FALSE,0.624,0.468,8,-15.441,1,0.0996,0.0473,2.19e-05,0.188,0.802,167.91,4,chicago-house
10,495818,FALSE,0.687,0.644,4,-12.455,1,0.046,0.101,0.866,0.0601,0.891,118,4,chicago-house
10,164507,FALSE,0.71,0.839,11,-6.57,1,0.072,0.00465,1.67e-06,0.324,0.604,124.007,4,chicago-house
9,682666,FALSE,0.804,0.947,2,-8.071,1,0.0488,0.00984,0.889,0.0647,0.666,122.018,4,chicago-house
10,274626,FALSE,0.747,0.481,1,-15.525,0,0.0594,0.0153,1.13e-06,0.166,0.731,104.996,4,chicago-house
10,453893,FALSE,0.75,0.619,3,-12.241,0,0.0511,0.0266,0.894,0.0269,0.741,120.984,4,chicago-house
11,259417,FALSE,0.791,0.616,0,-11.594,0,0.0605,0.228,0.0682,0.0721,0.874,104.003,4,chicago-house
9,548706,FALSE,0.731,0.569,11,-13.978,0,0.0538,0.00109,0.0478,0.136,0.78,121.404,4,chicago-house
10,245506,FALSE,0.57,0.889,0,-8.253,1,0.0777,0.00353,0.505,0.0709,0.782,126.261,4,chicago-house
10,286373,FALSE,0.735,0.724,7,-13.796,1,0.0733,0.121,0.000238,0.148,0.817,119.9,4,chicago-house
10,149853,FALSE,0.803,0.862,11,-10.293,1,0.0601,0.0806,0.899,0.152,0.389,126.633,3,chicago-house
10,387898,FALSE,0.811,0.705,9,-8.783,1,0.0847,0.0768,0.833,0.104,0.654,118.997,4,chicago-house
11,318426,FALSE,0.76,0.446,8,-11.894,0,0.0728,0.0117,0.882,0.0859,0.453,125.056,4,chicago-house
11,360483,FALSE,0.791,0.796,10,-4.17,0,0.0805,0.00151,0.475,0.205,0.896,124.002,4,chicago-house
10,415306,FALSE,0.803,0.959,6,-3.609,1,0.0499,6.23e-05,0.555,0.0525,0.485,122.062,4,chicago-house
11,243800,FALSE,0.775,0.915,3,-5.873,0,0.0818,0.000137,0.931,0.123,0.844,129.091,4,chicago-house
11,341695,FALSE,0.76,0.453,6,-10.387,0,0.0775,7.22e-06,0.805,0.0524,0.432,124.014,4,chicago-house
49,255200,FALSE,0.638,0.742,7,-11.421,1,0.0485,0.0111,9.45e-05,0.0762,0.698,120.772,4,chicago-house
10,273600,TRUE,0.804,0.708,11,-13.358,0,0.0829,0.0309,0.924,0.106,0.473,130.188,4,chicago-house
10,319499,FALSE,0.801,0.89,7,-9.064,1,0.0839,0.00665,0.886,0.089,0.768,129.756,4,chicago-house
11,323133,FALSE,0.769,0.83,1,-8.872,0,0.0414,0.000642,0.903,0.0573,0.385,126.562,3,chicago-house
10,471050,FALSE,0.802,0.753,2,-7.923,1,0.0324,0.00685,0.576,0.161,0.309,105.933,4,chicago-house
9,201734,FALSE,0.72,0.923,11,-4.494,0,0.0369,0.00297,0.0307,0.0997,0.592,128.744,4,chicago-house
10,202515,FALSE,0.753,0.869,10,-5.224,0,0.03,9.04e-05,0.0566,0.0699,0.819,123.049,4,chicago-house
11,429471,FALSE,0.79,0.875,7,-5.985,1,0.0604,0.00248,0.623,0.127,0.597,119.04,4,chicago-house
10,465889,FALSE,0.82,0.856,9,-11.262,0,0.0378,0.00298,0.113,0.0813,0.515,126.465,4,chicago-house
10,433801,FALSE,0.818,0.643,10,-8.503,0,0.0502,0.00266,0.25,0.0943,0.196,124.854,4,chicago-house
10,415848,FALSE,0.727,0.669,9,-10.987,0,0.0577,0.0185,0.877,0.198,0.147,122.874,4,chicago-house
10,413640,TRUE,0.745,0.983,4,-7.41,0,0.0704,0.000196,0.859,0.0659,0.433,123.248,4,chicago-house
9,260946,FALSE,0.673,0.765,2,-8.83,0,0.0414,0.509,0.79,0.631,0.44,100.009,4,chicago-house
10,309266,FALSE,0.833,0.604,8,-12.002,0,0.055,0.0103,0.000446,0.052,0.97,120.313,4,chicago-house
10,502400,FALSE,0.79,0.347,8,-19.02,0,0.0625,0.000135,0.0429,0.0565,0.82,122.945,4,chicago-house
10,284066,FALSE,0.73,0.672,4,-14.152,0,0.0466,0.072,3.25e-06,0.167,0.824,122.544,4,chicago-house
42,372640,FALSE,0.782,0.575,7,-11.613,1,0.0279,0.034,0.0153,0.109,0.777,114.027,4,chicago-house
37,396546,FALSE,0.564,0.563,1,-13.075,0,0.0302,0.0134,0.000147,0.109,0.412,115.986,4,chicago-house
39,455418,FALSE,0.703,0.949,11,-8.06,1,0.0533,0.00294,0.895,0.109,0.262,132,4,chicago-house
41,301774,FALSE,0.783,0.471,8,-9.739,0,0.0749,0.00798,0.039,0.0725,0.713,116.022,4,chicago-house
16,533638,FALSE,0.665,0.942,4,-4.141,0,0.126,0.0105,0.901,0.0824,0.924,123.735,4,chicago-house
38,353801,FALSE,0.654,0.605,11,-10.795,1,0.0494,0.212,0.925,0.0931,0.708,112.177,4,chicago-house
10,408389,FALSE,0.652,0.786,11,-12.14,0,0.0568,0.0718,0.943,0.11,0.494,141.068,4,chicago-house
10,319352,FALSE,0.804,0.851,11,-9.786,0,0.145,0.00101,0.0107,0.261,0.607,132.813,4,chicago-house
10,478899,FALSE,0.592,0.89,1,-8.339,1,0.0502,0.000148,0.0233,0.111,0.25,122.277,4,chicago-house
10,436680,FALSE,0.707,0.886,10,-9.006,0,0.0422,0.0018,0.0627,0.305,0.63,125.185,4,chicago-house
9,165365,FALSE,0.643,0.741,2,-7.449,1,0.027,0.0115,0.000615,0.121,0.527,122.983,4,chicago-house
10,457386,FALSE,0.705,0.851,8,-8.907,1,0.0896,0.00958,0.393,0.106,0.454,124.983,4,chicago-house
10,244615,FALSE,0.72,0.605,8,-11.393,1,0.0452,0.169,0.000559,0.081,0.68,104.005,4,chicago-house
10,378549,FALSE,0.815,0.681,11,-10.065,0,0.0693,8.43e-05,0.201,0.05,0.547,122.753,4,chicago-house
10,394586,FALSE,0.796,0.738,4,-8.22,1,0.0427,0.00154,0.859,0.0724,0.535,124.019,4,chicago-house
10,414765,FALSE,0.671,0.83,9,-9.788,0,0.0404,0.00284,0.856,0.114,0.788,120.914,4,chicago-house
10,562142,FALSE,0.697,0.861,4,-6.774,0,0.0423,0.000336,0.804,0.361,0.684,126.013,4,chicago-house
11,193548,FALSE,0.779,0.864,11,-6.659,0,0.0454,0.0224,0.0035,0.392,0.732,124.005,4,chicago-house
10,450893,FALSE,0.803,0.364,6,-12.557,0,0.0646,0.0686,0.761,0.123,0.879,116.006,4,chicago-house
10,464371,FALSE,0.741,0.612,7,-16.309,0,0.0413,0.133,0.92,0.108,0.624,117.029,4,chicago-house
10,405618,FALSE,0.787,0.568,5,-13.768,1,0.0677,0.000375,0.874,0.0858,0.72,105.992,4,chicago-house
9,335003,FALSE,0.836,0.746,0,-9.648,1,0.0756,0.0049,0.407,0.0879,0.637,120.906,4,chicago-house
9,541248,FALSE,0.804,0.599,11,-11.236,1,0.065,8.57e-05,0.921,0.0899,0.866,121.037,4,chicago-house
10,568446,FALSE,0.897,0.648,2,-11.935,1,0.0986,0.191,0.711,0.105,0.433,125.981,4,chicago-house
11,342994,FALSE,0.74,0.423,11,-14.183,0,0.05,0.0433,0.000138,0.287,0.597,113.068,4,chicago-house
11,303368,FALSE,0.719,0.456,5,-9.82,0,0.0306,0.0253,0.00224,0.156,0.69,113.938,4,chicago-house
10,350981,FALSE,0.804,0.564,5,-7.263,0,0.0807,0.0226,0.042,0.0766,0.815,124.015,4,chicago-house
10,423880,FALSE,0.678,0.692,3,-15.426,0,0.0315,0.115,0.93,0.0737,0.92,113.025,4,chicago-house
11,369720,FALSE,0.541,0.751,0,-11.164,1,0.0278,0.0152,0.00926,0.156,0.416,130.567,4,chicago-house
10,399974,FALSE,0.775,0.818,6,-7.112,0,0.103,0.00165,0.802,0.111,0.305,130.05,4,chicago-house
10,379097,FALSE,0.773,0.82,1,-7.014,1,0.05,8.95e-05,0.337,0.0468,0.553,126.025,4,chicago-house
11,424733,FALSE,0.804,0.621,11,-13.006,0,0.103,0.000432,0.89,0.0391,0.387,124.005,4,chicago-house
10,203253,FALSE,0.741,0.533,3,-11.564,0,0.0471,0.196,0.214,0.082,0.808,109.985,4,chicago-house
10,265333,FALSE,0.812,0.619,10,-8.411,0,0.15,0.00253,0.104,0.0449,0.59,123.069,4,chicago-house
10,278400,FALSE,0.683,0.806,5,-6.119,0,0.031,0.000178,0.499,0.109,0.23,125.031,4,chicago-house
10,222600,FALSE,0.818,0.733,0,-6.585,1,0.116,0.000559,4.77e-06,0.331,0.742,124.054,4,chicago-house
10,301601,FALSE,0.768,0.444,7,-13.067,0,0.154,0.027,0.108,0.0577,0.95,216.558,3,chicago-house
10,518638,FALSE,0.655,0.638,9,-7.4,1,0.0366,0.00109,0.00388,0.496,0.464,123.988,4,chicago-house
11,308333,FALSE,0.654,0.975,0,-4.76,1,0.241,0.0936,3.24e-05,0.336,0.66,190.044,3,chicago-house
11,125826,FALSE,0.922,0.381,8,-8.91,1,0.124,0.0799,0.00279,0.62,0.658,115.017,4,chicago-house
11,348000,FALSE,0.642,0.992,9,-1.859,1,0.122,0.000242,0.162,0.196,0.303,119.968,4,chicago-house
10,340117,FALSE,0.81,0.463,0,-14.37,0,0.0936,0.0155,0.913,0.0907,0.56,119.998,4,chicago-house
10,645009,FALSE,0.788,0.866,2,-10.566,1,0.0734,0.0398,0.646,0.0597,0.575,128.047,4,chicago-house
11,197323,FALSE,0.905,0.932,5,-5.213,1,0.0489,0.0395,0.559,0.363,0.702,123.02,4,chicago-house
10,313929,FALSE,0.771,0.665,1,-14.662,1,0.0527,0.0183,0.925,0.0822,0.807,119.54,4,chicago-house
9,340665,FALSE,0.788,0.841,7,-7.559,1,0.0697,0.0126,0.509,0.0537,0.618,124.008,4,chicago-house
10,185733,FALSE,0.545,0.698,5,-9.75,0,0.0308,0.081,0.936,0.0987,0.636,140.987,4,chicago-house
11,216791,FALSE,0.78,0.843,7,-7.399,1,0.0781,0.0161,0.317,0.0594,0.665,124.022,4,chicago-house
11,371612,FALSE,0.813,0.862,10,-7.747,0,0.072,0.00829,0.0101,0.0926,0.521,123.901,4,chicago-house
10,327173,FALSE,0.803,0.858,10,-9.847,0,0.0569,0.072,0.245,0.0901,0.881,122.333,4,chicago-house
41,298918,FALSE,0.762,0.898,7,-6.208,0,0.142,0.000564,5.12e-06,0.122,0.349,126.657,4,chicago-house
24,513953,FALSE,0.71,0.77,6,-4.839,0,0.189,0.181,0.00629,0.685,0.462,129.025,4,chicago-house
16,340172,FALSE,0.735,0.573,11,-7.273,1,0.0861,0.0192,0.000977,0.0852,0.699,126.988,4,chicago-house
16,265411,FALSE,0.563,0.644,1,-5.678,0,0.0266,0.0402,0.0121,0.14,0.393,169.999,4,chicago-house
10,383106,FALSE,0.785,0.686,7,-14.156,1,0.0569,7.25e-05,0.672,0.097,0.961,136.488,4,chicago-house
8,524794,FALSE,0.784,0.407,11,-16.57,1,0.107,0.000916,0.932,0.0967,0.6,136.973,4,chicago-house
10,284547,FALSE,0.607,0.943,10,-9.358,0,0.0395,0.0278,0.866,0.231,0.505,134.255,4,chicago-house
9,161484,FALSE,0.828,0.93,0,-5.609,1,0.0719,0.000529,0.663,0.0662,0.678,128.009,4,chicago-house
9,213750,FALSE,0.619,0.863,4,-3.332,0,0.0336,0.00373,0.00612,0.223,0.197,127.944,4,chicago-house
10,255422,FALSE,0.802,0.884,10,-10.392,0,0.0536,0.00144,0.772,0.13,0.441,135.375,4,chicago-house
9,387791,FALSE,0.804,0.981,6,-7.529,1,0.0395,3.33e-05,0.921,0.045,0.742,123.836,4,chicago-house
8,155625,FALSE,0.737,0.966,5,-2.473,0,0.0504,0.00301,0.321,0.033,0.472,127.965,4,chicago-house
28,448773,FALSE,0.685,0.909,1,-6.021,0,0.0568,1.43e-05,0.0719,0.057,0.643,131.001,4,chicago-house
9,326880,FALSE,0.728,0.903,7,-3.624,1,0.0751,6.7e-05,0.0325,0.062,0.185,125.016,4,chicago-house
9,320400,FALSE,0.807,0.674,1,-10.832,1,0.0512,0.0201,0.51,0.107,0.743,124.653,4,chicago-house
9,170551,FALSE,0.597,0.865,10,-4.972,1,0.14,0.00468,0.000107,0.416,0.413,127.023,4,chicago-house
10,330060,FALSE,0.65,0.979,1,-7.821,1,0.105,0.000106,0.907,0.332,0.574,137.383,4,chicago-house
7,358064,FALSE,0.904,0.907,4,-5.435,0,0.0571,0.000133,0.65,0.093,0.31,124.017,4,chicago-house
8,230586,FALSE,0.739,0.708,1,-9.338,1,0.0382,0.0216,0.00418,0.0666,0.822,125.916,4,chicago-house
9,413828,FALSE,0.847,0.813,0,-6.885,1,0.0613,0.00388,0.499,0.113,0.442,118.319,4,chicago-house
8,193991,FALSE,0.803,0.855,9,-8.506,1,0.0384,9.45e-06,0.939,0.113,0.066,119.022,4,chicago-house
7,487933,FALSE,0.961,0.235,0,-11.005,1,0.415,0.00174,0.000298,0.0758,0.539,121.058,4,chicago-house
9,299040,FALSE,0.862,0.511,11,-16.915,0,0.0989,0.00133,0.00413,0.0489,0.88,124.818,4,chicago-house
8,283278,FALSE,0.83,0.933,6,-6.854,1,0.0708,0.0287,0.167,0.0743,0.738,122.552,4,chicago-house
8,518977,FALSE,0.757,0.722,8,-10.338,1,0.059,0.252,0.576,0.101,0.524,98.988,4,chicago-house
9,345077,FALSE,0.807,0.65,7,-11.144,1,0.0668,4.35e-05,0.826,0.0425,0.71,123.955,4,chicago-house
7,359026,FALSE,0.791,0.674,7,-7.172,1,0.0411,0.00165,0.066,0.544,0.557,120.972,4,chicago-house
9,577680,FALSE,0.68,0.889,11,-7.282,1,0.0405,0.0879,0.736,0.161,0.842,127.999,4,chicago-house
8,411213,FALSE,0.68,0.746,9,-8.989,0,0.0391,0.00626,0.000214,0.297,0.686,120.323,4,chicago-house
8,332512,FALSE,0.811,0.456,7,-9.76,1,0.0749,0.075,0.884,0.0949,0.375,122.012,4,chicago-house
8,491900,FALSE,0.807,0.708,1,-9.762,1,0.0648,0.00294,0.732,0.127,0.593,120.998,4,chicago-house
9,248571,FALSE,0.75,0.865,4,-7.656,0,0.0661,0.000235,0.0726,0.0482,0.629,124.682,4,chicago-house
8,406636,FALSE,0.807,0.698,10,-12.233,0,0.0578,0.00181,0.442,0.0819,0.421,126.002,4,chicago-house
10,336675,FALSE,0.605,0.807,6,-10.032,0,0.0447,0.000157,0.728,0.0877,0.36,128.999,3,chicago-house
8,253658,FALSE,0.898,0.666,7,-8.2,1,0.106,0.00258,0.0311,0.0984,0.557,122.766,4,chicago-house
7,392829,FALSE,0.799,0.548,8,-9.992,0,0.0639,0.00583,0.793,0.0699,0.32,127.7,4,chicago-house
9,491906,FALSE,0.778,0.701,3,-10.438,1,0.0341,0.00823,0.864,0.0749,0.961,124.992,4,chicago-house
8,507832,FALSE,0.885,0.592,5,-6.898,0,0.0599,0.000285,0.0934,0.0555,0.708,128.389,4,chicago-house
8,369653,FALSE,0.839,0.707,0,-8.153,1,0.0674,0.00346,0.739,0.478,0.753,126.003,4,chicago-house
8,232210,FALSE,0.67,0.754,5,-6.939,0,0.0527,0.00226,0.824,0.0907,0.642,124.026,4,chicago-house
8,287466,FALSE,0.673,0.66,2,-10.472,1,0.0463,0.000463,0.848,0.0906,0.495,118.876,4,chicago-house
10,270013,FALSE,0.818,0.709,0,-5.417,1,0.0358,0.00155,0.0424,0.0868,0.723,127.976,4,chicago-house
9,236097,FALSE,0.651,0.949,0,-7.657,1,0.048,0.267,0.0155,0.138,0.567,123.001,4,chicago-house
9,311906,FALSE,0.804,0.689,10,-18.538,0,0.0711,0.121,0.911,0.0964,0.75,125.221,4,chicago-house
7,406906,FALSE,0.867,0.876,6,-6.81,1,0.106,0.00276,0.784,0.0697,0.624,124.008,4,chicago-house
8,270800,FALSE,0.646,0.441,9,-13.942,0,0.0297,0.0777,0.899,0.0989,0.767,93.042,4,chicago-house
10,308626,FALSE,0.777,0.83,8,-12.284,1,0.047,0.344,0.886,0.085,0.539,135.44,4,chicago-house
7,303902,FALSE,0.771,0.942,2,-5.131,1,0.0697,0.000299,0.0387,0.672,0.627,123.367,4,chicago-house
9,437271,FALSE,0.81,0.912,0,-6.534,0,0.054,9.83e-05,0.838,0.0924,0.814,125.019,4,chicago-house
9,396503,FALSE,0.64,0.779,5,-6.338,0,0.0826,0.000526,0.571,0.11,0.69,126.054,4,chicago-house
19,252413,FALSE,0.55,0.85,9,-2.912,1,0.0395,0.153,0.00886,0.0764,0.0627,86.997,4,drum-and-bass
20,228391,FALSE,0.605,0.905,6,-3.074,0,0.0541,0.00113,0.0348,0.287,0.271,175.041,4,drum-and-bass
20,249648,FALSE,0.501,0.988,5,-0.551,1,0.254,0.00361,0.0532,0.35,0.287,117.944,5,drum-and-bass
20,282557,TRUE,0.829,0.803,1,-3.009,1,0.162,0.00795,9.98e-05,0.356,0.438,88.984,4,drum-and-bass
19,289957,FALSE,0.467,0.799,2,-7.711,0,0.0471,0.00119,0.421,0.144,0.152,174.033,4,drum-and-bass
19,193973,FALSE,0.529,0.966,4,-1.616,0,0.26,0.00207,0,0.44,0.267,75.295,4,drum-and-bass
19,341346,FALSE,0.508,0.885,9,-2.514,0,0.0402,0.235,0.00161,0.0758,0.281,173.012,4,drum-and-bass
19,303680,FALSE,0.537,0.781,10,-5.341,0,0.0367,0.000315,0.717,0.569,0.448,144.944,4,drum-and-bass
20,293600,FALSE,0.534,0.96,1,-2.519,1,0.0601,0.163,0.000457,0.282,0.407,175.007,4,drum-and-bass
19,267589,FALSE,0.701,0.829,10,-0.564,0,0.052,0.152,9.23e-05,0.36,0.333,87.007,4,drum-and-bass
19,344046,FALSE,0.628,0.671,4,-6.556,0,0.079,0.0658,0.812,0.0654,0.26,173.025,4,drum-and-bass
19,299001,FALSE,0.404,0.91,6,-4.272,0,0.103,0.000462,0.119,0.615,0.0385,173.95,4,drum-and-bass
19,288640,FALSE,0.467,0.992,1,-4.497,1,0.147,4.55e-05,0.726,0.941,0.234,86.995,4,drum-and-bass
19,244827,FALSE,0.451,0.952,7,-3.588,1,0.17,0.000405,0.505,0.0925,0.145,173.939,4,drum-and-bass
19,384253,FALSE,0.634,0.809,5,-9.054,0,0.458,0.0309,0.364,0.356,0.251,159.932,4,drum-and-bass
20,350510,FALSE,0.727,0.968,2,-3.995,1,0.244,0.00514,0.41,0.8,0.711,169.806,4,drum-and-bass
35,201426,FALSE,0.766,0.705,2,-5.01,0,0.048,0.066,3.56e-05,0.122,0.154,112.02,4,drum-and-bass
53,264679,FALSE,0.539,0.56,3,-8.562,0,0.0476,0.163,0.0166,0.13,0.0534,173.957,4,drum-and-bass
49,257259,FALSE,0.548,0.685,1,-4.438,1,0.037,0.00246,0.651,0.0972,0.152,87.001,4,drum-and-bass
57,317974,FALSE,0.665,0.864,7,-3.451,1,0.147,0.0533,0.0295,0.389,0.278,173.007,4,drum-and-bass
34,275530,FALSE,0.437,0.916,0,-4.109,0,0.0393,0.0264,0.449,0.288,0.564,174.054,4,drum-and-bass
53,223525,FALSE,0.435,0.892,10,-2.763,0,0.0373,4.16e-05,0.306,0.492,0.168,173.876,4,drum-and-bass
46,169784,FALSE,0.766,0.865,9,-4.172,0,0.0497,0.0867,0,0.138,0.655,116.007,4,drum-and-bass
43,173197,FALSE,0.565,0.913,11,-5.062,0,0.114,0.016,0.00371,0.118,0.453,171.892,4,drum-and-bass
52,209655,FALSE,0.621,0.899,10,-2.417,0,0.0501,0.0566,0.49,0.106,0.418,173.965,4,drum-and-bass
20,231747,FALSE,0.369,0.924,9,-3.947,0,0.0393,0.00959,0.00579,0.0958,0.099,173.971,4,drum-and-bass
20,311724,FALSE,0.665,0.907,1,-0.267,1,0.0928,0.000345,0.844,0.0574,0.56,174.015,4,drum-and-bass
20,323506,FALSE,0.657,0.698,6,-11.682,0,0.0509,0.171,0.0132,0.0935,0.608,159.894,4,drum-and-bass
19,243287,FALSE,0.703,0.969,0,-0.132,1,0.191,0.00174,0.722,0.122,0.456,176.001,4,drum-and-bass
19,277670,FALSE,0.688,0.88,10,-7.286,0,0.0855,7.66e-05,0.808,0.0906,0.0848,171.979,4,drum-and-bass
20,331048,FALSE,0.376,0.957,1,-4.367,1,0.0385,0.0215,0.434,0.37,0.425,174.022,4,drum-and-bass
18,307200,FALSE,0.456,0.954,4,-3.644,0,0.184,0.00128,0.000238,0.0634,0.683,174.963,4,drum-and-bass
46,198362,FALSE,0.437,0.937,1,-2.351,1,0.0435,0.0174,2.71e-05,0.279,0.245,173.877,4,drum-and-bass
18,337333,FALSE,0.29,0.878,4,-4.28,1,0.0511,3.12e-05,0.801,0.0554,0.0348,174.055,4,drum-and-bass
20,252342,FALSE,0.415,0.888,5,-2.544,0,0.0685,0.0051,0.002,0.186,0.146,174.986,4,drum-and-bass
18,309063,FALSE,0.624,0.907,2,-8.899,1,0.0508,8.05e-05,0.478,0.266,0.603,159.892,4,drum-and-bass
18,314806,FALSE,0.555,0.982,4,-3.445,0,0.0533,5.95e-05,0.907,0.0672,0.103,174.988,4,drum-and-bass
19,327398,FALSE,0.625,0.89,4,-4.32,0,0.0462,0.00644,0.853,0.0882,0.0934,172.976,4,drum-and-bass
19,292513,FALSE,0.488,0.878,11,-5.241,0,0.0381,0.0103,0.0828,0.043,0.29,173.963,4,drum-and-bass
18,273488,FALSE,0.61,0.706,1,-5.682,0,0.0476,0.0196,0.808,0.153,0.0825,85.999,4,drum-and-bass
19,274482,FALSE,0.543,0.925,11,-0.815,0,0.0764,0.00134,0.59,0.0922,0.0718,174.029,4,drum-and-bass
18,297215,FALSE,0.428,0.921,5,-5.269,0,0.0498,0.000306,0.199,0.0885,0.358,173.959,4,drum-and-bass
21,264462,TRUE,0.545,0.897,9,-4.148,1,0.121,6.42e-05,0.0519,0.14,0.452,170.994,4,drum-and-bass
19,259310,FALSE,0.613,0.941,1,-2.086,1,0.118,0.00137,0.378,0.299,0.552,173.95,4,drum-and-bass
19,253439,FALSE,0.503,0.959,0,-3.07,1,0.0623,0.059,0.882,0.312,0.119,174.014,4,drum-and-bass
18,217758,FALSE,0.592,0.888,0,-1.643,1,0.0334,0.0141,0.00637,0.095,0.187,115.981,5,drum-and-bass
19,331960,FALSE,0.574,0.829,4,-6.675,0,0.0495,0.0352,0.0132,0.158,0.666,174.976,4,drum-and-bass
18,183600,TRUE,0.864,0.649,5,-4,1,0.31,0.106,0,0.0538,0.747,119.896,5,drum-and-bass
19,229625,FALSE,0.61,0.938,10,-3.475,0,0.084,0.00143,0.296,0.398,0.452,87.029,4,drum-and-bass
19,245383,FALSE,0.586,0.737,4,-4.736,1,0.0467,1.58e-05,0.795,0.423,0.203,172.008,4,drum-and-bass
19,295491,FALSE,0.533,0.98,0,-3.528,1,0.0642,0.000493,0.375,0.303,0.0784,172.958,4,drum-and-bass
19,341729,FALSE,0.497,0.937,5,-4.834,0,0.0602,7.68e-05,0.679,0.843,0.108,174.008,4,drum-and-bass
18,267306,FALSE,0.587,0.807,10,-3.43,0,0.0439,0.00306,0.856,0.0775,0.234,173.997,4,drum-and-bass
19,226006,FALSE,0.453,0.892,0,-4.129,1,0.0443,0.000945,0.04,0.108,0.0428,174.05,4,drum-and-bass
19,271614,FALSE,0.475,0.944,1,-4.118,1,0.0516,0.000436,0.623,0.244,0.345,172.943,4,drum-and-bass
19,181026,FALSE,0.361,0.838,11,-4.416,0,0.0756,0.011,0,0.164,0.532,84.753,4,drum-and-bass
18,234246,FALSE,0.418,0.893,4,-2.947,0,0.0635,0.00562,0,0.0939,0.136,177.956,4,drum-and-bass
18,386540,FALSE,0.339,0.962,5,-4.136,0,0.203,0.00126,0.0652,0.373,0.0562,173.909,4,drum-and-bass
19,214173,FALSE,0.762,0.811,11,-10.256,0,0.166,0.129,0.0266,0.211,0.605,164.958,4,drum-and-bass
19,250354,FALSE,0.589,0.927,1,-1.701,1,0.0747,0.00872,5.65e-05,0.0662,0.455,174.046,4,drum-and-bass
18,160880,FALSE,0.432,0.826,0,-5.156,1,0.035,0.00147,2.5e-06,0.0864,0.43,174.014,4,drum-and-bass
19,213247,FALSE,0.562,0.956,1,-0.502,0,0.0748,0.059,2.04e-06,0.142,0.446,176.056,4,drum-and-bass
19,281562,FALSE,0.639,0.891,4,-2.96,0,0.0292,0.0757,0.0233,0.0819,0.281,144.985,4,drum-and-bass
19,300105,FALSE,0.691,0.955,7,-6.174,1,0.0818,4.33e-05,0.787,0.1,0.499,164.844,4,drum-and-bass
18,303075,FALSE,0.478,0.924,1,-8.412,0,0.0576,0.000252,0.912,0.63,0.577,159.862,4,drum-and-bass
19,222857,FALSE,0.688,0.937,5,-0.767,0,0.371,0.317,0,0.266,0.367,175.002,4,drum-and-bass
56,269866,FALSE,0.807,0.903,4,-11.09,1,0.113,0.211,3.13e-06,0.0565,0.94,165.034,4,drum-and-bass
46,284516,FALSE,0.497,0.953,7,-4.249,0,0.12,0.00384,0.411,0.31,0.0486,123.985,4,drum-and-bass
46,214838,FALSE,0.658,0.856,6,-4.062,0,0.0495,0.031,0,0.05,0.413,124.039,4,drum-and-bass
40,182006,FALSE,0.516,0.86,10,-3.56,0,0.0494,0.0526,0,0.0858,0.35,173.874,4,drum-and-bass
29,220000,FALSE,0.65,0.94,7,-1.488,0,0.035,0.000708,0.802,0.109,0.186,120.006,4,drum-and-bass
48,220789,FALSE,0.482,0.96,8,-3.277,0,0.0432,0.0281,0.0165,0.0987,0.405,173.884,4,drum-and-bass
17,413320,FALSE,0.696,0.741,0,-13.938,1,0.0677,0.0117,0.366,0.0797,0.643,159.833,4,drum-and-bass
50,204137,FALSE,0.435,0.984,4,-3.478,0,0.0897,0.00271,0.877,0.558,0.0967,173.899,4,drum-and-bass
19,212677,FALSE,0.725,0.494,5,-4.594,0,0.113,0.199,0.0111,0.145,0.101,86.46,4,drum-and-bass
50,227658,FALSE,0.372,0.93,5,-3.066,0,0.0597,0.000888,0.73,0.19,0.182,175,4,drum-and-bass
55,257576,FALSE,0.652,0.801,6,-4.835,0,0.0519,0.00116,0.0357,0.0615,0.35,87.499,4,drum-and-bass
18,319097,FALSE,0.671,0.928,8,-3.704,0,0.0732,0.000164,0.729,0.273,0.634,174.002,4,drum-and-bass
18,401794,FALSE,0.707,0.915,10,-10.566,0,0.0542,0.0313,0.904,0.104,0.872,87.996,4,drum-and-bass
18,334883,FALSE,0.642,0.788,7,-4.166,1,0.122,0.000646,0.58,0.737,0.399,172.019,4,drum-and-bass
19,313456,FALSE,0.529,0.932,8,-4.585,0,0.0419,0.00111,0.849,0.322,0.2,174.007,4,drum-and-bass
18,222500,FALSE,0.659,0.687,0,-7.215,1,0.0394,0.0149,0.651,0.041,0.51,101.021,4,drum-and-bass
17,373274,FALSE,0.517,0.973,6,-5.756,0,0.0791,5.16e-05,0.366,0.0304,0.519,175.083,4,drum-and-bass
18,293893,FALSE,0.525,0.894,5,-5.013,0,0.0863,0.025,0.00856,0.354,0.147,173.975,4,drum-and-bass
18,338288,FALSE,0.637,0.976,0,-1.061,1,0.0914,0.00043,0.198,0.107,0.407,175.997,4,drum-and-bass
18,202691,FALSE,0.526,0.783,0,-3.681,0,0.0376,0.00499,0,0.136,0.138,173.972,4,drum-and-bass
19,226318,FALSE,0.646,0.865,5,-5.608,0,0.0416,0.00335,0.00348,0.0868,0.0594,140.058,4,drum-and-bass
57,191560,FALSE,0.512,0.931,0,-1.162,1,0.154,0.26,0,0.399,0.237,176.965,4,drum-and-bass
19,292251,FALSE,0.401,0.81,7,-5.974,0,0.0407,0.00454,0.463,0.395,0.0869,175.027,4,drum-and-bass
18,200228,FALSE,0.68,0.967,11,-2.384,1,0.112,0.000364,0.156,0.151,0.68,175.041,4,drum-and-bass
18,282558,FALSE,0.48,0.926,11,-0.143,0,0.679,0.000644,0.561,0.659,0.217,171.631,4,drum-and-bass
18,330335,FALSE,0.429,0.762,9,-4.42,0,0.0379,0.00171,0.0342,0.184,0.0644,175.004,4,drum-and-bass
18,270344,FALSE,0.37,0.945,1,-3.8,1,0.182,8.85e-05,0.754,0.328,0.191,174.019,4,drum-and-bass
19,249568,FALSE,0.467,0.698,0,-9.731,1,0.0443,0.00108,3.89e-06,0.182,0.59,174.994,4,drum-and-bass
19,226046,FALSE,0.523,0.799,10,-4.727,0,0.0741,0.00209,0.00407,0.0808,0.507,171.986,4,drum-and-bass
18,295171,FALSE,0.614,0.985,7,-1.698,1,0.24,0.000712,0.282,0.159,0.153,172.122,4,drum-and-bass
18,271253,FALSE,0.349,0.987,5,-3.738,1,0.134,0.000193,0.934,0.417,0.42,174.977,4,drum-and-bass
18,268000,FALSE,0.752,0.916,11,-5.313,0,0.231,0.0156,2.2e-06,0.35,0.414,87.5,4,drum-and-bass
19,360680,FALSE,0.539,0.991,7,-3.55,1,0.0763,7.6e-05,0.888,0.111,0.117,175.029,4,drum-and-bass
19,329162,FALSE,0.264,0.974,5,-7.183,0,0.139,0.0506,0.888,0.432,0.0885,87.415,4,drum-and-bass
19,353042,FALSE,0.23,0.958,1,-3.722,1,0.15,9.58e-05,0.708,0.659,0.263,175.103,4,drum-and-bass
18,145453,TRUE,0.674,0.57,8,-8.235,1,0.436,0.0965,0,0.154,0.869,117.876,3,drum-and-bass
19,279418,FALSE,0.421,0.995,0,-0.03,1,0.117,0.00534,0.855,0.367,0.493,172.029,4,drum-and-bass
19,224914,TRUE,0.775,0.971,8,-0.24,0,0.261,0.0648,3.47e-05,0.0836,0.438,87.496,4,drum-and-bass
19,297479,FALSE,0.41,0.752,4,-3.182,0,0.0459,0.00425,0.848,0.0698,0.23,87.421,4,drum-and-bass
18,266206,FALSE,0.528,0.854,4,-1.338,0,0.247,0.00753,0.00572,0.155,0.618,174.002,4,drum-and-bass
18,267484,FALSE,0.617,0.99,3,-2.499,1,0.0798,0.0291,0.0101,0.126,0.45,173.065,4,drum-and-bass
18,319542,FALSE,0.468,0.976,7,-4.191,1,0.135,0.00564,0.693,0.401,0.219,123.992,4,drum-and-bass
19,230598,FALSE,0.676,0.789,2,-5.918,0,0.0413,0.0028,0.456,0.0697,0.299,124.954,4,drum-and-bass
18,315000,TRUE,0.793,0.616,10,-8.259,0,0.251,0.00039,0,0.298,0.451,103.53,4,drum-and-bass
18,254364,FALSE,0.492,0.924,6,-4.255,0,0.0494,0.000971,0.767,0.0342,0.519,173.943,4,drum-and-bass
18,350454,FALSE,0.635,0.939,10,-3.411,0,0.0792,4.19e-05,0.868,0.278,0.466,175.961,4,drum-and-bass
18,337886,FALSE,0.685,0.936,7,-2.243,1,0.0932,0.000411,0.764,0.0917,0.194,174.024,4,drum-and-bass
18,200914,FALSE,0.529,0.866,1,-3.226,1,0.0503,7.45e-06,0.936,0.152,0.739,174.996,4,drum-and-bass
19,363413,FALSE,0.545,0.952,1,-8.133,0,0.125,0.00244,0.0377,0.267,0.527,178.007,4,drum-and-bass
18,457746,FALSE,0.634,0.794,7,-4.337,1,0.0415,0.0192,0.708,0.0741,0.205,169.879,4,drum-and-bass
46,197200,FALSE,0.393,0.805,1,-2.52,1,0.0471,0.000555,0.000137,0.0746,0.325,74.931,4,drum-and-bass
55,206776,FALSE,0.31,0.926,6,-1.131,0,0.0464,0.0184,0.00792,0.483,0.493,139.85,4,drum-and-bass
47,205320,TRUE,0.614,0.92,0,-5.187,1,0.0532,0.0114,1.83e-05,0.0987,0.158,86.542,4,drum-and-bass
54,206616,FALSE,0.454,0.837,9,-3.686,0,0.0302,0.00358,0.00702,0.0373,0.208,174.023,4,drum-and-bass
52,202774,FALSE,0.454,0.977,11,-0.945,1,0.069,0.0819,0.00463,0.141,0.311,173.797,4,drum-and-bass
48,267108,FALSE,0.495,0.869,5,-4.461,0,0.0477,0.000244,0.791,0.201,0.0513,175.055,4,drum-and-bass
18,344499,FALSE,0.244,0.913,7,-3.689,1,0.0456,0.00178,0.769,0.109,0.0841,169.971,4,drum-and-bass
17,283249,FALSE,0.547,0.719,9,-6.018,0,0.0712,0.272,0.000655,0.286,0.114,95.003,4,drum-and-bass
46,175517,FALSE,0.465,0.9,5,-4.042,1,0.0348,0.000196,0.000304,0.197,0.0978,173.896,4,drum-and-bass
56,183000,FALSE,0.62,0.932,0,-3.44,1,0.0843,0.00716,0.000674,0.215,0.556,177.017,4,drum-and-bass
46,275948,FALSE,0.353,0.982,5,-1.634,0,0.0472,0.000726,0.959,0.324,0.0745,174.059,4,drum-and-bass
56,225847,FALSE,0.48,0.955,10,-1.277,0,0.07,0.00657,0.433,0.194,0.203,174.141,4,drum-and-bass
18,342503,FALSE,0.566,0.873,8,-5.785,0,0.042,0.000575,0.873,0.104,0.152,174.029,4,drum-and-bass
18,290240,FALSE,0.648,0.792,1,-1.144,1,0.0585,0.01,0.48,0.385,0.245,172.021,4,drum-and-bass
18,335572,FALSE,0.638,0.9,1,-4.704,0,0.051,0.000542,0.894,0.0476,0.375,173.979,4,drum-and-bass
18,295172,FALSE,0.464,0.988,11,-1.59,0,0.0985,0.000243,0.732,0.531,0.378,173.904,4,drum-and-bass
18,293369,FALSE,0.685,0.633,2,-6.967,1,0.0709,0.0259,0.824,0.0626,0.147,173.985,4,drum-and-bass
18,279685,FALSE,0.674,0.885,4,-3.098,0,0.0458,0.00636,0.0734,0.0613,0.814,126.921,4,drum-and-bass
18,396946,FALSE,0.529,0.978,1,-6.091,1,0.126,0.000399,0.863,0.0948,0.402,173.01,4,drum-and-bass
18,293023,FALSE,0.594,0.954,8,-0.943,0,0.256,0.00221,0.49,0.444,0.231,172.007,4,drum-and-bass
19,277218,FALSE,0.588,0.792,9,-6.272,0,0.0404,0.0524,0.567,0.0873,0.0367,87.496,4,drum-and-bass
17,321415,FALSE,0.564,0.742,5,-6.327,1,0.056,0.00215,0.653,0.087,0.0385,172.027,4,drum-and-bass
18,175053,FALSE,0.602,0.559,1,-3.464,1,0.0519,0.0798,0.00026,0.0659,0.512,84.923,4,drum-and-bass
19,309024,FALSE,0.46,0.587,7,-9.938,1,0.052,0.000997,0.069,0.13,0.145,173.997,4,drum-and-bass
18,258289,FALSE,0.686,0.859,6,-1.827,1,0.178,0.0365,0.784,0.406,0.0695,172.991,4,drum-and-bass
18,306452,FALSE,0.685,0.926,7,-4.482,1,0.064,0.000176,0.785,0.466,0.217,169.99,4,drum-and-bass
18,300000,FALSE,0.65,0.908,2,-0.872,1,0.0337,0.00382,0.0701,0.201,0.395,88,4,drum-and-bass
17,332122,FALSE,0.756,0.94,5,-2.353,0,0.221,0.00414,0.696,0.0825,0.51,172.071,4,drum-and-bass
18,330927,FALSE,0.47,0.842,4,-1.628,0,0.0355,0.00303,0.851,0.126,0.0619,175.055,4,drum-and-bass
18,305267,FALSE,0.538,0.86,7,-5.572,1,0.179,0.00272,0.492,0.316,0.364,172.015,4,drum-and-bass
18,293553,FALSE,0.413,0.947,1,-2.607,1,0.0582,0.000152,0.891,0.177,0.201,174.046,4,drum-and-bass
18,318929,FALSE,0.567,0.879,0,-4.178,0,0.0549,0.00155,0.686,0.13,0.374,172.973,4,drum-and-bass
17,285733,FALSE,0.251,0.754,7,-8.314,0,0.0342,0.291,0.795,0.0872,0.0508,86.982,4,drum-and-bass
18,267428,FALSE,0.683,0.599,3,-6.686,0,0.0393,0.038,0.00343,0.141,0.0865,139.871,4,drum-and-bass
18,368372,FALSE,0.758,0.812,11,-4.21,1,0.158,0.00817,0.00672,0.284,0.379,172.031,4,drum-and-bass
19,288273,FALSE,0.516,0.985,2,-1.895,1,0.178,0.028,0.000874,0.0772,0.429,177.983,4,drum-and-bass
18,207746,FALSE,0.408,0.879,5,-4.419,0,0.0849,7.75e-05,0.0145,0.0894,0.256,174.052,4,drum-and-bass
18,331651,FALSE,0.424,0.681,0,-3.946,1,0.0447,0.000488,0.0613,0.0659,0.307,139.997,4,drum-and-bass
18,307257,FALSE,0.396,0.769,8,-3.432,1,0.0365,0.00501,0.796,0.135,0.134,175.001,4,drum-and-bass
18,249801,FALSE,0.538,0.98,0,-4.103,1,0.0572,0.00601,0.733,0.0706,0.2,175.039,4,drum-and-bass
18,224639,FALSE,0.513,0.961,7,-3.241,1,0.109,0.0152,2.13e-06,0.173,0.453,87.054,4,drum-and-bass
18,280176,FALSE,0.498,0.813,7,-6.178,1,0.0706,0.0046,0.553,0.284,0.39,171.998,4,drum-and-bass
18,318500,FALSE,0.563,0.964,11,-7.639,0,0.0464,8.7e-05,0.902,0.0914,0.72,145.122,4,drum-and-bass
19,282032,FALSE,0.724,0.897,11,-4.36,0,0.0555,0.241,0.0617,0.0757,0.7,126.02,4,drum-and-bass
17,301573,FALSE,0.334,0.949,2,-6.96,0,0.0731,0.000106,0.936,0.139,0.306,175.001,4,drum-and-bass
18,650640,FALSE,0.67,0.845,5,-6.63,1,0.0997,8.16e-05,0.686,0.267,0.329,154.984,4,drum-and-bass
18,347626,FALSE,0.42,0.908,10,-7.367,0,0.0911,0.000216,0.656,0.127,0.26,174.018,4,drum-and-bass
19,192413,FALSE,0.337,0.921,5,-2.21,0,0.0401,0.000128,1.66e-05,0.151,0.243,173.848,4,drum-and-bass
18,352058,FALSE,0.605,0.792,10,-5.503,0,0.044,0.000803,0.709,0.0484,0.405,175.994,4,drum-and-bass
17,267278,FALSE,0.744,0.904,10,-4.418,0,0.047,0.00325,0.289,0.0351,0.633,87.103,4,drum-and-bass
41,231327,FALSE,0.51,0.97,1,-4.19,1,0.077,9.11e-05,0.904,0.417,0.173,150.011,4,drum-and-bass
43,229240,FALSE,0.489,0.891,0,-4.535,1,0.0383,0.00268,0.054,0.085,0.569,173.125,4,drum-and-bass
50,209324,FALSE,0.489,0.995,5,-0.731,1,0.148,0.000311,0.861,0.347,0.455,174.06,4,drum-and-bass
34,224669,FALSE,0.393,0.988,2,-4.902,1,0.0449,0.00372,0.0189,0.256,0.309,175.032,4,drum-and-bass
42,269760,FALSE,0.381,0.993,0,-2.418,1,0.297,0.000217,0.71,0.642,0.358,175.048,4,drum-and-bass
18,311724,FALSE,0.563,0.962,1,-0.061,1,0.256,0.000292,0.801,0.734,0.314,173.984,4,drum-and-bass
17,313103,FALSE,0.528,0.909,2,-3.488,1,0.0406,0.00379,0.0519,0.372,0.401,173.987,4,drum-and-bass
18,227614,FALSE,0.445,0.998,7,-3.972,1,0.134,0.00427,0.545,0.137,0.421,172.983,4,drum-and-bass
17,331874,FALSE,0.566,0.846,4,-5.995,0,0.0551,0.00116,0.715,0.645,0.0818,173.99,4,drum-and-bass
52,248536,FALSE,0.499,0.842,2,-6.338,0,0.042,0.0038,0.00441,0.103,0.259,173.932,4,drum-and-bass
17,530000,FALSE,0.298,0.77,6,-12.338,0,0.0699,0.00112,0.905,0.434,0.485,164.997,4,drum-and-bass
18,267240,FALSE,0.506,0.63,8,-6.966,1,0.052,0.000314,0.183,0.122,0.0919,174.084,4,drum-and-bass
18,278046,FALSE,0.714,0.899,1,-3.788,0,0.0681,0.0397,0.0191,0.227,0.484,174.051,4,drum-and-bass
18,254627,FALSE,0.517,0.699,10,-4.174,0,0.055,0.00269,0.258,0.0763,0.222,173.994,4,drum-and-bass
18,109044,FALSE,0.548,0.95,11,-5.745,0,0.0763,0.0074,0.179,0.423,0.578,175.005,4,drum-and-bass
18,264927,FALSE,0.571,0.961,1,-4.457,1,0.0512,0.0665,0.345,0.108,0.858,173.983,4,drum-and-bass
41,386453,FALSE,0.379,0.845,5,-7.252,1,0.0354,0.000562,0.837,0.135,0.159,174.022,4,drum-and-bass
17,359750,FALSE,0.464,0.896,6,-3.232,0,0.053,0.000843,0.773,0.566,0.0957,174.006,4,drum-and-bass
18,253793,FALSE,0.476,0.961,2,-2.919,0,0.0401,0.000459,0.565,0.745,0.458,173.972,4,drum-and-bass
18,271542,FALSE,0.658,0.996,9,0.052,1,0.0701,0.00764,0.899,0.377,0.747,87.484,4,drum-and-bass
18,315573,FALSE,0.443,0.952,0,-6.306,1,0.0604,0.000151,0.351,0.0929,0.433,172.015,4,drum-and-bass
18,316534,FALSE,0.568,0.995,0,0.651,1,0.216,0.000282,0.213,0.788,0.4,172.021,4,drum-and-bass
17,311034,FALSE,0.434,0.932,1,-3.312,1,0.0405,0.000425,0.891,0.156,0.326,173.976,4,drum-and-bass
17,270560,FALSE,0.532,0.763,5,-2.744,0,0.0568,0.02,0.311,0.173,0.103,174.143,4,drum-and-bass
19,311360,FALSE,0.802,0.664,7,-8.43,1,0.0728,0.0213,9.11e-05,0.072,0.679,120.091,4,drum-and-bass
18,234901,FALSE,0.525,0.96,0,-1.847,1,0.0556,0.00469,0.554,0.486,0.644,173.999,4,drum-and-bass
18,251134,FALSE,0.575,0.884,6,-6.332,1,0.0573,0.0013,0.0297,0.343,0.399,174.017,4,drum-and-bass
17,370920,FALSE,0.653,0.792,5,-6.17,0,0.0752,0.0481,0.239,0.0615,0.0867,171.992,4,drum-and-bass
18,44215,FALSE,0.625,0.899,2,-3.226,1,0.0613,0.000461,0.918,0.109,0.367,175.045,4,drum-and-bass
18,189369,FALSE,0.305,0.973,10,-2.445,1,0.0313,0.000819,0.0389,0.0503,0.101,172.821,4,drum-and-bass
17,377133,FALSE,0.689,0.822,4,-6.923,0,0.105,0.000214,0.695,0.479,0.401,173.003,4,drum-and-bass
18,299920,FALSE,0.471,0.905,8,-4.966,0,0.131,0.00504,0.022,0.174,0.117,174.116,4,drum-and-bass
18,222068,FALSE,0.671,0.971,9,0.475,1,0.241,0.00519,0.000377,0.333,0.6,174.052,4,drum-and-bass
18,362057,FALSE,0.437,0.979,5,-2.113,0,0.0459,0.00098,0.909,0.722,0.103,175.013,4,drum-and-bass
18,212190,FALSE,0.598,0.976,2,-2.342,0,0.0748,0.00373,0.000964,0.145,0.549,173.928,4,drum-and-bass
18,386133,FALSE,0.654,0.978,7,-9.554,0,0.171,0.0111,0.896,0.712,0.926,169.879,4,drum-and-bass
17,287360,FALSE,0.557,0.966,10,-3.213,0,0.0592,0.0067,0.883,0.0919,0.445,173.99,4,drum-and-bass
18,254119,FALSE,0.671,0.884,9,-0.53,0,0.0547,0.112,0.893,0.108,0.155,173.988,4,drum-and-bass
19,261756,FALSE,0.304,0.94,1,-4.48,1,0.0938,2.54e-05,0.769,0.818,0.393,174.935,4,drum-and-bass
18,278291,FALSE,0.462,0.966,10,-0.903,0,0.0583,0.000205,0.773,0.141,0.163,173.98,4,drum-and-bass
18,364045,FALSE,0.485,0.963,10,-3.696,1,0.0549,0.00131,0.826,0.339,0.423,174.047,4,drum-and-bass
18,204307,FALSE,0.671,0.8,0,-2.769,1,0.0882,0.0843,0,0.15,0.809,127.961,4,drum-and-bass
18,311146,FALSE,0.504,0.716,7,-7.122,0,0.0411,0.00534,0.00469,0.0867,0.0903,175.014,4,drum-and-bass
17,249655,FALSE,0.503,0.989,6,-0.787,1,0.0648,0.000679,0.542,0.548,0.606,174.016,4,drum-and-bass
17,249186,FALSE,0.614,0.917,1,-2.313,1,0.0391,0.000744,0.857,0.106,0.249,174.02,4,drum-and-bass
18,255261,FALSE,0.524,0.971,7,-3.72,1,0.0721,9.24e-05,0.899,0.349,0.35,173.037,4,drum-and-bass
18,172053,FALSE,0.49,0.845,2,-3.534,0,0.0484,0.00636,0,0.449,0.511,173.977,4,drum-and-bass
18,238280,FALSE,0.392,0.907,10,-5.963,0,0.0384,6.89e-05,0.824,0.384,0.186,174.035,4,drum-and-bass
18,316300,FALSE,0.42,0.956,0,-3.323,1,0.0379,0.000157,0.162,0.213,0.092,173.01,4,drum-and-bass
18,373040,FALSE,0.549,0.961,7,-3.225,0,0.129,0.0232,0.39,0.12,0.383,169.828,4,drum-and-bass
40,277047,FALSE,0.326,0.884,6,-7.045,0,0.0384,0.000531,0.894,0.0776,0.046,173.999,4,drum-and-bass
51,183357,FALSE,0.475,0.911,2,-4.59,0,0.0475,0.00383,0,0.193,0.277,173.91,4,drum-and-bass
43,157766,FALSE,0.5,0.998,1,-2.345,1,0.207,0.000753,0.8,0.236,0.481,149.941,4,drum-and-bass
49,195000,FALSE,0.838,0.737,11,-5.094,0,0.155,0.00138,0.897,0.123,0.799,130.024,4,drum-and-bass
37,284651,FALSE,0.509,0.969,1,-1.533,0,0.122,0.000905,0.901,0.152,0.0745,172.06,4,drum-and-bass
33,301070,FALSE,0.486,0.871,5,-4.928,1,0.0447,9.98e-05,0.806,0.107,0.286,173.975,4,drum-and-bass
50,231704,FALSE,0.608,0.773,0,-3.997,1,0.0478,0.312,0.379,0.117,0.18,174.023,4,drum-and-bass
51,302117,FALSE,0.378,0.917,1,-2.479,0,0.0412,0.0164,0.00917,0.0791,0.0798,84.967,4,drum-and-bass
52,252360,FALSE,0.517,0.886,7,-4.357,1,0.395,0.0706,0.00252,0.137,0.213,175.128,4,drum-and-bass
48,182333,FALSE,0.524,0.972,4,-1.569,0,0.0431,0.00656,0.00058,0.224,0.476,175.017,4,drum-and-bass
46,181052,FALSE,0.424,0.872,11,-2.352,0,0.0757,0.0854,0,0.113,0.476,85.312,4,drum-and-bass
49,227346,FALSE,0.667,0.837,3,-5.977,1,0.0684,0.0119,0.528,0.105,0.0339,174.001,4,drum-and-bass
18,270344,FALSE,0.389,0.853,10,-3.302,1,0.0361,0.000304,0.202,0.106,0.282,173.997,4,drum-and-bass
17,278621,FALSE,0.639,0.991,0,-1.888,1,0.327,0.003,0.151,0.429,0.403,86.969,4,drum-and-bass
18,298275,FALSE,0.645,0.956,2,-3.467,0,0.0763,8.21e-05,0.661,0.0951,0.171,171.983,4,drum-and-bass
18,297451,FALSE,0.453,0.883,7,-4.955,0,0.0412,0.000598,0.188,0.37,0.0799,174.011,4,drum-and-bass
17,319147,FALSE,0.544,0.879,10,-9.894,1,0.0916,0.000113,0.639,0.0718,0.465,159.803,4,drum-and-bass
18,269529,FALSE,0.596,0.944,7,-2.073,0,0.07,0.000146,0.153,0.176,0.258,173.988,4,drum-and-bass
18,273617,FALSE,0.513,0.808,4,-6.276,1,0.0427,0.064,0.169,0.0931,0.239,174.002,4,drum-and-bass
17,204389,FALSE,0.753,0.954,8,-7.177,1,0.0461,0.00205,0.888,0.096,0.886,128.023,4,drum-and-bass
17,302790,FALSE,0.636,0.857,1,-2.921,1,0.0707,0.0117,0.569,0.0997,0.192,172.042,4,drum-and-bass
17,339310,FALSE,0.63,0.99,8,-2.496,1,0.0478,0.00145,0.729,0.174,0.519,174.016,4,drum-and-bass
17,269612,FALSE,0.552,0.93,6,-5.379,0,0.18,3.73e-05,0.865,0.246,0.799,172.066,4,drum-and-bass
17,209549,FALSE,0.458,0.981,1,-1.65,1,0.0518,0.0573,0.0363,0.172,0.143,173.882,4,drum-and-bass
17,320000,FALSE,0.565,0.992,1,-0.665,1,0.343,0.0219,0.000592,0.387,0.148,174.027,4,drum-and-bass
18,275674,FALSE,0.581,0.886,2,-3.5,1,0.0473,0.0026,0.314,0.236,0.286,173.999,4,drum-and-bass
17,365232,FALSE,0.596,0.787,0,-5.171,0,0.0413,0.0436,0.777,0.0923,0.134,173.018,4,drum-and-bass
17,278219,FALSE,0.425,0.946,11,-6.498,1,0.0972,0.0516,0.958,0.126,0.0775,174.023,4,drum-and-bass
17,457880,FALSE,0.573,0.896,6,-4.575,1,0.0604,2.09e-05,0.598,0.0937,0.604,164.92,4,drum-and-bass
45,268826,TRUE,0.658,0.978,1,-2.749,0,0.279,0.168,0.000183,0.14,0.501,87.494,4,drum-and-bass
17,257385,FALSE,0.484,0.943,9,-4.364,0,0.0646,3.77e-05,0.00448,0.592,0.347,143.93,4,drum-and-bass
18,428698,FALSE,0.55,0.754,6,-6.213,1,0.0488,0.137,0.0459,0.201,0.239,161.074,4,drum-and-bass
17,183501,FALSE,0.851,0.87,5,-5.394,0,0.0394,0.0354,0.132,0.0662,0.896,126.999,4,drum-and-bass
17,404632,FALSE,0.546,0.952,9,-1.51,1,0.0414,0.0075,0.743,0.243,0.239,149.971,4,drum-and-bass
18,209655,FALSE,0.633,0.787,5,-5.005,0,0.0879,0.0175,0.795,0.111,0.246,174.163,4,drum-and-bass
17,300698,FALSE,0.517,0.868,11,-5.574,0,0.0483,0.000139,0.0184,0.207,0.251,173.971,4,drum-and-bass
18,255172,FALSE,0.416,0.98,1,-1.586,1,0.132,0.000848,0.747,0.0701,0.14,173.951,4,drum-and-bass
17,256908,FALSE,0.52,0.869,5,-4.121,0,0.053,0.000609,0.837,0.595,0.101,171.992,4,drum-and-bass
17,268965,FALSE,0.628,0.806,5,-5.636,0,0.0864,0.175,0.148,0.205,0.512,173.991,4,drum-and-bass
18,254485,FALSE,0.549,0.718,3,-3.256,0,0.0356,0.000549,0.699,0.0736,0.0367,175.04,4,drum-and-bass
18,274782,FALSE,0.561,0.84,1,-4.73,1,0.0475,0.000837,0.858,0.0918,0.124,173.005,4,drum-and-bass
17,448293,FALSE,0.81,0.629,4,-7.393,0,0.321,0.177,0.851,0.188,0.0599,170.045,4,drum-and-bass
16,346866,FALSE,0.617,0.574,6,-7.88,1,0.18,0.0154,0.000154,0.068,0.425,113.293,5,drum-and-bass
18,343253,FALSE,0.422,0.977,10,-2.695,0,0.0353,4.83e-05,0.822,0.523,0.362,86.983,4,drum-and-bass
17,319476,FALSE,0.65,0.943,1,-5.265,1,0.0862,2.5e-05,0.714,0.0578,0.649,174.003,4,drum-and-bass
18,276937,FALSE,0.668,0.859,6,-5.947,1,0.0367,0.0351,0.569,0.248,0.802,118.001,4,drum-and-bass
18,297933,FALSE,0.49,0.861,11,-6.2,0,0.0439,0.00949,0.107,0.197,0.117,86.986,4,drum-and-bass
17,312068,FALSE,0.416,0.932,3,-3.405,1,0.126,0.00422,0.716,0.338,0.0611,173.962,4,drum-and-bass
17,336000,FALSE,0.689,0.967,2,-3.185,1,0.0556,0.0015,0.0534,0.0241,0.732,174.203,4,drum-and-bass
17,334628,FALSE,0.575,0.941,10,-3.548,0,0.0431,0.000586,0.00137,0.0465,0.637,174.985,4,drum-and-bass
47,209515,FALSE,0.4,0.979,1,-3.228,1,0.0822,5.65e-05,0.879,0.0631,0.202,173.92,4,drum-and-bass
47,252160,FALSE,0.31,0.886,8,-4.917,1,0.318,0.000299,0.853,0.163,0.0387,179.888,3,drum-and-bass
45,230390,FALSE,0.423,0.921,7,-3.784,1,0.0402,0.00364,0.588,0.101,0.0376,174.019,4,drum-and-bass
17,196280,FALSE,0.603,0.643,5,-6.874,0,0.0455,0.175,6.07e-06,0.0719,0.304,92.011,4,drum-and-bass
45,294127,FALSE,0.552,0.858,0,-3.247,1,0.0389,0.000398,0.872,0.118,0.0743,172.036,4,drum-and-bass
49,224914,FALSE,0.661,0.913,1,-1.29,1,0.061,0.000362,0.308,0.0434,0.313,175.109,4,drum-and-bass
51,259310,FALSE,0.405,0.958,7,-3.105,0,0.0412,0.00271,0.346,0.451,0.228,173.928,4,drum-and-bass
44,212513,FALSE,0.382,0.874,8,-5.253,1,0.0393,0.0242,0.0444,0.0879,0.169,174.026,4,drum-and-bass
17,274594,FALSE,0.494,0.977,11,-4.139,0,0.109,0.000638,0.152,0.0524,0.407,174.064,4,drum-and-bass
37,219244,FALSE,0.543,0.838,9,-2.753,0,0.0532,4.04e-05,0.000391,0.328,0.568,126.032,4,drum-and-bass
17,319075,FALSE,0.511,0.642,7,-6.492,0,0.042,0.00489,0.88,0.361,0.0347,172.998,4,drum-and-bass
48,226206,FALSE,0.548,0.92,11,-0.81,1,0.0647,6.75e-05,0.877,0.0592,0.358,173.993,4,drum-and-bass
17,296551,FALSE,0.538,0.945,5,-3.593,0,0.285,0.000214,0.0522,0.254,0.189,175.986,4,drum-and-bass
46,377840,FALSE,0.427,0.838,1,-7.443,0,0.0451,0.000464,0.00171,0.114,0.157,172.951,4,drum-and-bass
17,218653,FALSE,0.581,0.948,5,-5.609,0,0.092,0.00306,1.05e-05,0.264,0.536,157.952,4,drum-and-bass
41,230516,FALSE,0.456,0.834,8,-5.113,0,0.0437,0.00211,0.000126,0.115,0.15,84.971,4,drum-and-bass
17,287295,FALSE,0.538,0.888,5,-3.351,0,0.0643,0.00429,0.581,0.681,0.214,177.995,4,drum-and-bass
37,253893,FALSE,0.403,0.817,7,-5.39,1,0.0361,0.000791,0.894,0.491,0.0393,173.98,4,drum-and-bass
17,275782,FALSE,0.414,0.993,5,-3.765,0,0.0582,0.00372,0.878,0.304,0.1,130.466,3,drum-and-bass
17,290742,FALSE,0.591,0.901,10,-4.578,0,0.0406,0.1,0.338,0.0749,0.55,87.486,4,drum-and-bass
17,271357,FALSE,0.413,0.923,6,-0.83,1,0.0378,0.00249,0.8,0.329,0.299,87.447,4,drum-and-bass
16,240000,FALSE,0.479,0.902,6,-5.288,1,0.101,0.000252,0.694,0.292,0.354,170.014,4,drum-and-bass
17,268565,FALSE,0.617,0.749,1,-3.562,0,0.0819,0.104,0.000237,0.0696,0.307,174.914,4,drum-and-bass
17,268800,FALSE,0.805,0.895,9,-1.426,1,0.293,0.0313,3.08e-06,0.395,0.598,87.333,4,drum-and-bass
17,270153,FALSE,0.486,0.993,10,-1.77,0,0.0771,0.00449,0.88,0.29,0.368,174.014,4,drum-and-bass
16,240000,FALSE,0.474,0.927,7,-3.077,0,0.075,0.000438,0.00584,0.234,0.215,174.033,4,drum-and-bass
16,369213,FALSE,0.719,0.768,4,-6.895,0,0.206,0.000456,0.861,0.137,0.624,163.887,4,drum-and-bass
17,355862,FALSE,0.498,0.868,8,-5.414,0,0.0387,0.000281,0.794,0.0516,0.0877,174.093,4,drum-and-bass
18,215967,FALSE,0.359,0.857,9,-6.566,0,0.0555,0.000121,0.61,0.128,0.126,173.978,4,drum-and-bass
17,312750,FALSE,0.684,0.965,1,-5.874,1,0.119,0.00247,0.824,0.082,0.837,175.031,4,drum-and-bass
16,267346,FALSE,0.381,0.92,11,-4.205,0,0.161,0.0147,0.275,0.585,0.212,173.874,4,drum-and-bass
48,281379,FALSE,0.492,0.867,1,-4.423,1,0.0377,0.000966,0.0644,0.11,0.249,174.032,4,drum-and-bass
17,441360,FALSE,0.517,0.72,9,-8.044,0,0.0336,0.0131,0.867,0.0929,0.435,173.989,4,drum-and-bass
17,328480,FALSE,0.43,0.889,5,-4.821,0,0.0374,0.00142,0.218,0.397,0.18,173.964,4,drum-and-bass
17,348396,FALSE,0.578,0.796,0,-8.076,1,0.0735,0.000861,0.709,0.0547,0.595,174.006,4,drum-and-bass
17,315428,FALSE,0.682,0.978,10,-1.483,0,0.213,0.0746,0.661,0.191,0.684,175.072,4,drum-and-bass
16,255266,FALSE,0.435,0.764,0,-5.899,0,0.0627,0.0348,2.36e-05,0.2,0.762,174.97,4,drum-and-bass
17,283125,FALSE,0.483,0.932,1,-8.792,1,0.046,0.000114,0.592,0.371,0.0976,173.979,4,drum-and-bass
17,264500,FALSE,0.708,0.67,0,-8.353,1,0.0658,0.135,0.00762,0.0738,0.487,127.279,4,drum-and-bass
18,251866,FALSE,0.45,0.995,7,-3.784,1,0.0726,2.72e-05,0.887,0.0813,0.897,173.994,4,drum-and-bass
17,315196,FALSE,0.428,0.718,10,-7.456,0,0.0488,0.0272,0.00422,0.0871,0.135,174.984,4,drum-and-bass
16,246860,FALSE,0.763,0.965,6,0.478,1,0.315,0.00197,0.455,0.314,0.366,174.879,4,drum-and-bass
18,195909,FALSE,0.394,0.872,9,-1.44,0,0.0439,0.00835,0.00338,0.0922,0.0367,174.003,4,drum-and-bass
17,240337,FALSE,0.832,0.865,4,-1.512,0,0.121,0.0238,5.26e-06,0.0632,0.44,89.001,4,drum-and-bass
17,284333,FALSE,0.507,0.752,9,-6.875,1,0.0444,0.000239,0.816,0.17,0.422,169.935,4,drum-and-bass
18,407706,FALSE,0.521,0.937,11,-10.369,0,0.076,0.00033,0.746,0.111,0.712,174.035,4,drum-and-bass
17,272268,FALSE,0.403,0.849,9,-6.209,0,0.217,0.00216,0.000208,0.328,0.347,170.079,4,drum-and-bass
17,248329,FALSE,0.423,0.899,1,-4.389,1,0.0498,0.000582,0.608,0.262,0.327,173.994,4,drum-and-bass
18,416800,FALSE,0.609,0.865,1,-7.336,1,0.28,0.00186,0.86,0.161,0.113,169.787,4,drum-and-bass
17,493400,FALSE,0.531,0.696,5,-8.22,0,0.0472,0.000346,0.173,0.171,0.076,164.854,4,drum-and-bass
54,179650,FALSE,0.421,0.961,3,-1.059,1,0.0428,0.00174,0.000887,0.115,0.5,174.046,4,drum-and-bass
46,297931,FALSE,0.524,0.818,3,-2.034,0,0.0353,0.0133,0.138,0.129,0.293,174.001,4,drum-and-bass
49,204577,FALSE,0.58,0.839,0,-4.371,1,0.0372,0.00873,0.666,0.103,0.276,174.019,4,drum-and-bass
45,308173,FALSE,0.373,0.734,7,-5.707,0,0.0658,0.00128,0.356,0.0868,0.0678,137.233,4,drum-and-bass
41,419310,FALSE,0.477,0.834,2,-5.751,1,0.049,0.000347,0.834,0.123,0.123,173.989,4,drum-and-bass
40,326400,FALSE,0.543,0.794,7,-5.369,1,0.297,0.00304,0.801,0.168,0.174,124.981,4,drum-and-bass
45,288095,FALSE,0.34,0.991,9,-1.014,1,0.231,0.00134,0.866,0.137,0.0354,174.997,4,drum-and-bass
38,379982,FALSE,0.451,0.894,5,-6.333,0,0.0408,0.00371,0.941,0.213,0.0874,172.015,4,drum-and-bass
49,264827,FALSE,0.418,0.917,4,-3.202,1,0.0396,0.000444,0.068,0.102,0.0655,173.964,4,drum-and-bass
46,247520,FALSE,0.42,0.925,0,-3.745,1,0.0381,8.53e-05,0.874,0.152,0.236,144.047,4,drum-and-bass
17,304296,FALSE,0.379,0.844,2,-4.633,1,0.0489,0.00477,0.923,0.119,0.13,113.348,5,drum-and-bass
38,213942,FALSE,0.541,0.997,11,-0.513,0,0.449,0.00146,0.774,0.309,0.27,175.042,4,drum-and-bass
18,256138,FALSE,0.59,0.932,8,-3.704,1,0.163,0.0833,0.00392,0.0717,0.647,169.933,4,drum-and-bass
17,206593,FALSE,0.625,0.709,3,-7.104,0,0.0393,0.00496,0.733,0.0798,0.0574,116.009,5,drum-and-bass
40,219412,FALSE,0.577,0.981,2,-1.699,1,0.0368,0.0522,0.374,0.693,0.146,140.018,4,drum-and-bass
17,207906,FALSE,0.468,0.988,4,-0.663,0,0.457,0.105,0.0592,0.159,0.114,172.088,4,drum-and-bass
17,260909,FALSE,0.606,0.88,2,-3.605,0,0.0396,0.0047,0.122,0.155,0.14,86.518,4,drum-and-bass
16,265634,FALSE,0.377,0.95,9,-3.029,1,0.0491,0.000714,0.894,0.313,0.0981,174.027,4,drum-and-bass
16,281379,FALSE,0.679,0.968,6,-4.55,1,0.344,0.0169,0.315,0.106,0.456,86.925,4,drum-and-bass
17,285968,FALSE,0.452,0.907,9,-6.409,0,0.0382,0.00274,0.351,0.0749,0.0389,175.021,1,drum-and-bass
17,294443,FALSE,0.388,0.952,4,-5.977,1,0.0544,0.000113,0.683,0.106,0.053,172.997,4,drum-and-bass
16,318938,FALSE,0.652,0.894,9,-5.668,0,0.0544,0.000371,0.881,0.0456,0.102,170.053,4,drum-and-bass
16,313220,FALSE,0.53,0.854,2,-3.136,1,0.0388,0.000792,0.39,0.311,0.187,174.031,4,drum-and-bass
16,343120,FALSE,0.508,0.993,4,-4.502,1,0.315,0.000325,0.919,0.401,0.281,172.05,4,drum-and-bass
16,353791,FALSE,0.443,0.704,9,-7.39,0,0.05,0.000474,0.699,0.676,0.038,170.004,4,drum-and-bass
17,276893,FALSE,0.608,0.678,2,-6.94,1,0.0331,0.0296,0.858,0.131,0.143,172.016,4,drum-and-bass
17,408275,FALSE,0.523,0.639,5,-5.678,1,0.0478,0.0078,0.51,0.196,0.124,174.02,4,drum-and-bass
17,447000,FALSE,0.717,0.848,7,-4.827,1,0.0357,0.0281,0.701,0.0749,0.225,111.913,4,drum-and-bass
17,272228,FALSE,0.606,0.956,10,-1.643,0,0.0368,0.000866,0.0407,0.0407,0.624,87.498,4,drum-and-bass
17,353266,FALSE,0.72,0.842,8,-6.556,1,0.324,0.0258,0,0.0837,0.362,82.743,4,drum-and-bass
16,289090,FALSE,0.634,0.891,7,-6.856,1,0.0522,0.000197,0.000167,0.182,0.537,176.02,4,drum-and-bass
17,251951,FALSE,0.639,0.854,10,-8.648,0,0.0922,0.136,0.852,0.115,0.572,182.923,4,drum-and-bass
16,273103,FALSE,0.581,0.957,1,-4.059,1,0.102,0.00216,0.0369,0.111,0.3,173.989,4,drum-and-bass
16,277741,FALSE,0.433,0.973,8,-0.913,1,0.185,0.00129,0.621,0.163,0.16,174.065,4,drum-and-bass
16,310344,FALSE,0.595,0.925,11,-3.378,0,0.111,0.00448,0.383,0.779,0.183,173.997,4,drum-and-bass
16,331000,FALSE,0.55,0.823,8,-1.915,0,0.0611,0.00064,0.148,0.37,0.408,178.051,4,drum-and-bass
16,527586,FALSE,0.796,0.673,4,-6.858,0,0.0562,0.00384,0.808,0.082,0.317,128.026,4,drum-and-bass
16,457240,FALSE,0.379,0.939,11,-5.762,1,0.0878,0.00291,0.8,0.365,0.0819,171.877,4,drum-and-bass
17,363830,FALSE,0.294,0.812,0,-5.565,1,0.0412,0.000102,0.471,0.117,0.362,174.007,4,drum-and-bass
16,342052,FALSE,0.461,0.945,8,-3.194,0,0.134,0.000102,0.703,0.161,0.424,173.787,4,drum-and-bass
16,282933,FALSE,0.392,0.957,6,-7.548,1,0.474,0.00274,0.0163,0.382,0.164,175.183,4,drum-and-bass
16,338143,FALSE,0.598,0.971,2,-3.118,0,0.164,0.00749,0,0.0615,0.717,175.001,4,drum-and-bass
17,257828,FALSE,0.59,0.903,2,-4.102,1,0.0449,0.0327,0.0243,0.276,0.317,174.991,4,drum-and-bass
17,370986,FALSE,0.44,0.968,10,-4.208,0,0.0842,6.56e-05,0.553,0.667,0.092,173.081,4,drum-and-bass
18,194333,TRUE,0.611,0.879,3,-4.263,0,0.0446,0.0208,0,0.186,0.381,139.963,4,drum-and-bass
17,216685,FALSE,0.452,0.941,2,-2.859,1,0.0532,0.00134,0.464,0.599,0.186,174.985,4,drum-and-bass
16,248228,FALSE,0.648,0.955,2,-3.471,1,0.0604,3.07e-05,0.000391,0.058,0.871,175.003,4,drum-and-bass
17,396303,FALSE,0.467,0.995,4,-1.589,1,0.194,1.93e-05,0.613,0.167,0.363,172.006,4,drum-and-bass
16,304793,FALSE,0.476,0.957,7,-5.115,1,0.148,0.000717,0.806,0.0959,0.309,174.008,4,drum-and-bass
16,301155,FALSE,0.698,0.803,6,-5.108,1,0.374,0.00497,6.32e-05,0.613,0.674,128.058,4,drum-and-bass
31,253220,FALSE,0.416,0.973,0,-5.164,1,0.0473,0.0036,0.905,0.0793,0.31,173.985,4,drum-and-bass
50,226206,FALSE,0.715,0.989,1,0.176,1,0.0699,0.0155,0.608,0.147,0.401,173.99,4,drum-and-bass
41,239456,FALSE,0.594,0.482,0,-13.274,1,0.0265,0.483,0.823,0.0918,0.0904,109.997,3,drum-and-bass
50,252342,FALSE,0.642,0.845,5,-4.736,0,0.0428,0.0155,0.284,0.736,0.0373,87.528,4,drum-and-bass
48,216551,FALSE,0.492,0.918,5,-3.801,0,0.0542,0.00885,0.000662,0.0682,0.0385,173.865,4,drum-and-bass
41,208653,FALSE,0.522,0.861,1,-3.469,1,0.0473,0.0436,6.34e-06,0.113,0.213,173.958,4,drum-and-bass
46,270344,FALSE,0.444,0.961,9,-1.247,1,0.0427,0.000525,0.722,0.0769,0.234,174.021,4,drum-and-bass
49,272840,FALSE,0.453,0.99,5,-1.368,0,0.0861,0.0161,0.932,0.109,0.399,174.05,4,drum-and-bass
17,248275,FALSE,0.492,0.74,2,-7.067,1,0.0538,0.0158,3.16e-05,0.151,0.0392,173.951,4,drum-and-bass
16,282352,FALSE,0.578,0.887,1,-2.813,1,0.053,0.00034,0.0291,0.144,0.297,170.075,4,drum-and-bass
16,273488,FALSE,0.515,0.976,2,-0.868,1,0.0441,9.92e-05,0.667,0.426,0.0397,171.93,4,drum-and-bass
16,252719,FALSE,0.589,0.966,11,-3.059,0,0.0443,0.000664,0.903,0.116,0.305,174.046,4,drum-and-bass
16,295410,FALSE,0.327,0.95,7,-3.845,0,0.051,0.000146,0.828,0.101,0.0387,114.165,5,drum-and-bass
17,249759,FALSE,0.326,0.979,7,-2.245,1,0.085,0.0011,0.0485,0.0947,0.402,174.023,4,drum-and-bass
16,240479,FALSE,0.688,0.962,0,-2.853,0,0.0971,0.000367,0.234,0.123,0.449,127.996,4,drum-and-bass
17,370853,FALSE,0.527,0.899,8,-8.211,1,0.107,0.000165,0.734,0.415,0.454,175.034,4,drum-and-bass
17,276410,FALSE,0.53,0.99,7,-0.587,1,0.0658,0.000133,0.82,0.361,0.314,173.95,4,drum-and-bass
15,406591,FALSE,0.493,0.949,2,-9.894,1,0.0847,0.00078,0.92,0.134,0.532,163.847,4,drum-and-bass
16,386110,FALSE,0.62,0.689,4,-9.983,0,0.0697,0.00136,0.927,0.0742,0.212,174.924,4,drum-and-bass
16,314292,FALSE,0.388,0.957,6,-2.397,1,0.0411,0.00478,0.87,0.0989,0.525,173.975,4,drum-and-bass
17,326743,FALSE,0.472,0.851,1,-3.815,1,0.039,0.00597,0.912,0.0862,0.395,169.971,4,drum-and-bass
17,247630,FALSE,0.643,0.924,11,-2.575,0,0.0679,0.000973,0.339,0.201,0.107,173.019,4,drum-and-bass
16,230180,FALSE,0.615,0.87,0,-3.729,0,0.0829,0.00346,0.145,0.602,0.655,172.924,4,drum-and-bass
54,365746,FALSE,0.359,0.676,10,-5.451,0,0.0373,0.0103,0.0772,0.0994,0.417,75.775,4,drum-and-bass
17,304437,FALSE,0.595,0.582,1,-4.035,1,0.0368,0.00235,0.695,0.0914,0.0398,87.002,4,drum-and-bass
16,248275,FALSE,0.322,0.942,8,-2.817,1,0.137,0.000205,0.000108,0.159,0.0825,174.13,4,drum-and-bass
15,265257,FALSE,0.627,0.984,8,-0.869,1,0.0602,0.000154,0.311,0.0309,0.0795,175.028,4,drum-and-bass
16,511506,FALSE,0.559,0.904,11,-5.78,0,0.142,8.41e-06,0.898,0.767,0.115,127.129,3,drum-and-bass
17,190344,FALSE,0.371,0.773,6,-4.333,0,0.034,0.000201,0.781,0.153,0.12,174.019,4,drum-and-bass
17,353103,FALSE,0.243,0.93,7,-4.263,1,0.0957,0.00026,0.921,0.575,0.0831,174.077,4,drum-and-bass
16,224639,FALSE,0.513,0.961,7,-3.241,1,0.109,0.0152,2.13e-06,0.173,0.453,87.054,4,drum-and-bass
15,219400,FALSE,0.736,0.49,8,-7.492,0,0.052,0.0322,0.872,0.31,0.441,94.979,4,drum-and-bass
16,271000,FALSE,0.524,0.951,1,-1.43,1,0.151,0.00161,0.928,0.0658,0.218,175.048,4,drum-and-bass
17,348776,FALSE,0.334,0.879,6,-5.614,1,0.124,3.14e-05,0.118,0.265,0.424,87.012,4,drum-and-bass
15,318175,FALSE,0.352,0.967,8,-2.132,0,0.0696,0.000347,0.32,0.0469,0.209,108.416,5,drum-and-bass
16,412400,FALSE,0.707,0.905,0,-4.874,1,0.0778,0.00384,0.827,0.0691,0.69,164.843,4,drum-and-bass
16,255066,FALSE,0.612,0.906,6,-5.568,1,0.082,0.0153,0.0395,0.201,0.575,113.971,4,drum-and-bass
17,204827,FALSE,0.593,0.966,7,-0.823,1,0.0967,0.0106,0.00207,0.103,0.459,174.082,4,drum-and-bass
17,266884,FALSE,0.705,0.793,10,-6.11,0,0.0462,0.00336,0.205,0.0794,0.539,125.01,4,drum-and-bass
16,170062,FALSE,0.521,0.932,9,-3.501,0,0.0978,0.00226,0.763,0.208,0.0396,173.946,4,drum-and-bass
17,242221,FALSE,0.678,0.961,1,-2.853,0,0.0967,0.00475,9.47e-05,0.136,0.564,175.023,4,drum-and-bass
16,313220,FALSE,0.758,0.946,10,-0.492,0,0.0803,0.00518,0.00784,0.207,0.688,88.494,4,drum-and-bass
16,246896,FALSE,0.706,0.941,0,-2.809,1,0.252,0.0337,0.163,0.617,0.353,173.958,4,drum-and-bass
17,370986,FALSE,0.44,0.968,10,-4.208,0,0.0842,6.56e-05,0.553,0.667,0.092,173.081,4,drum-and-bass
16,316050,FALSE,0.502,0.979,6,-1.379,0,0.161,6.91e-05,0.903,0.366,0.156,172.047,4,drum-and-bass
18,362066,FALSE,0.624,0.979,8,-3.421,0,0.0686,0.00613,0.825,0.305,0.97,173.993,4,drum-and-bass
16,307013,FALSE,0.69,0.818,7,-7.279,1,0.0816,0.000271,0.0349,0.32,0.474,140.009,4,drum-and-bass
16,59325,FALSE,0.629,0.932,7,-7.291,1,0.277,0.0762,2.5e-06,0.17,0.699,88.969,4,drum-and-bass
16,253565,FALSE,0.223,0.996,5,-3.548,1,0.11,0.00013,0.717,0.167,0.0529,131.308,3,drum-and-bass
16,206960,FALSE,0.65,0.719,11,-6.797,1,0.0427,0.00549,0.24,0.157,0.392,176.162,4,drum-and-bass
44,361395,FALSE,0.608,0.975,1,-2.008,1,0.287,0.004,0.787,0.125,0.0691,172.106,4,drum-and-bass
40,185733,TRUE,0.696,0.848,11,-2.954,0,0.162,0.299,8.44e-06,0.0729,0.604,84.021,4,drum-and-bass
34,328322,FALSE,0.385,0.841,1,-6.716,1,0.0392,0.00765,0.944,0.397,0.0801,172.01,4,drum-and-bass
41,335506,FALSE,0.535,0.88,1,-4.896,0,0.0429,0.000705,0.434,0.117,0.227,175.001,4,drum-and-bass
45,322937,FALSE,0.264,0.846,0,-2.671,1,0.19,0.0485,0.00115,0.147,0.0665,173.248,4,drum-and-bass
47,182068,FALSE,0.394,0.985,0,-3.46,1,0.335,0.0429,0.71,0.39,0.35,174.015,4,drum-and-bass
17,313333,FALSE,0.457,0.901,10,-2.711,0,0.038,0.00269,0.669,0.809,0.31,87.006,4,drum-and-bass
16,213793,FALSE,0.392,0.912,1,-4.483,0,0.165,0.0244,0,0.111,0.284,173.499,4,drum-and-bass
49,228645,FALSE,0.481,0.87,9,-4.521,1,0.0362,0.00105,0.00634,0.304,0.0948,173.929,4,drum-and-bass
16,251379,FALSE,0.585,0.756,8,-5.24,0,0.037,0.005,0.884,0.271,0.0398,87.001,4,drum-and-bass
48,216551,FALSE,0.492,0.918,5,-3.801,0,0.0542,0.00885,0.000662,0.0682,0.0385,173.865,4,drum-and-bass
30,569973,FALSE,0.626,0.936,9,-3.518,0,0.0868,3.38e-05,0.102,0.242,0.235,126.033,4,drum-and-bass
17,340114,FALSE,0.615,0.706,1,-5.32,1,0.0369,0.0011,0.0359,0.201,0.268,174.951,4,drum-and-bass
16,321112,FALSE,0.518,0.753,8,-3.847,0,0.0487,0.000811,0.218,0.122,0.115,174.005,4,drum-and-bass
18,267420,FALSE,0.57,0.749,1,-5.024,1,0.157,0.00184,0.497,0.0504,0.793,174.991,4,drum-and-bass
16,345492,FALSE,0.658,0.944,1,-4.337,1,0.0728,0.000411,0.902,0.0937,0.563,174.018,4,drum-and-bass
16,258498,FALSE,0.466,0.769,5,-6.609,0,0.037,0.00108,0.818,0.185,0.605,174.015,4,drum-and-bass
16,286896,FALSE,0.447,0.945,1,-3.79,1,0.0432,1.55e-05,0.73,0.562,0.101,174.025,4,drum-and-bass
16,315218,FALSE,0.582,0.957,6,-3.922,1,0.0829,0.000472,0.693,0.327,0.214,173.993,4,drum-and-bass
16,356836,FALSE,0.511,0.835,11,-5.645,0,0.0393,0.00126,0.222,0.112,0.113,174.989,4,drum-and-bass
16,303965,FALSE,0.447,0.944,5,-3.883,0,0.0621,0.00156,0.139,0.2,0.411,107.717,5,drum-and-bass
17,361395,FALSE,0.579,0.975,1,-2.017,1,0.314,0.00404,0.783,0.125,0.0688,172.126,4,drum-and-bass
16,354480,FALSE,0.46,0.976,6,-4.171,1,0.0529,0.000488,0.876,0.07,0.278,174.993,4,drum-and-bass
16,248375,FALSE,0.561,0.866,6,-2.858,1,0.0403,0.000853,0.84,0.0374,0.247,174.067,4,drum-and-bass
17,265116,FALSE,0.627,0.679,11,-3.447,0,0.0936,0.00837,0.88,0.102,0.0381,172.08,4,drum-and-bass
16,298135,FALSE,0.463,0.908,1,-3.254,0,0.0473,0.000276,0.816,0.117,0.0434,175,4,drum-and-bass
16,249835,FALSE,0.592,0.805,8,-4.587,1,0.0624,0.00585,0.889,0.105,0.275,174.955,4,drum-and-bass
16,365517,FALSE,0.439,0.947,6,-9.283,1,0.0796,0.000118,0.722,0.474,0.322,174.007,4,drum-and-bass
17,314420,FALSE,0.695,0.877,1,-4.5,1,0.0918,0.000302,0.899,0.408,0.338,174.011,4,drum-and-bass
16,270171,FALSE,0.535,0.827,10,-4.017,0,0.0369,0.00438,0.47,0.0863,0.0363,175.029,4,drum-and-bass
16,245795,FALSE,0.414,0.762,0,-5.543,1,0.0383,0.000527,0.00297,0.0952,0.0429,116.506,5,drum-and-bass
16,354999,FALSE,0.439,0.977,10,-3.437,0,0.135,0.0135,0.0737,0.542,0.456,87.984,4,drum-and-bass
16,398053,FALSE,0.766,0.632,7,-7.217,0,0.0454,0.108,0.127,0.347,0.751,129.987,4,drum-and-bass
15,228969,FALSE,0.511,0.897,9,-2.087,0,0.0324,0.218,0.000142,0.573,0.369,86.994,4,drum-and-bass
16,224639,FALSE,0.513,0.961,7,-3.241,1,0.109,0.0152,2.13e-06,0.173,0.453,87.054,4,drum-and-bass
45,243293,FALSE,0.58,0.978,1,-3.586,0,0.0478,6.53e-05,0.83,0.349,0.657,140.031,4,drum-and-bass
16,340556,FALSE,0.53,0.904,11,-5.842,0,0.0484,0.000675,0.545,0.161,0.219,171.934,4,drum-and-bass
16,73764,FALSE,0.487,0.522,2,-9.588,0,0.0335,0.0398,0.0482,0.279,0.0582,113.554,5,drum-and-bass
17,311845,FALSE,0.536,0.933,7,-3.037,1,0.166,0.00014,0.518,0.0992,0.141,171.997,4,drum-and-bass
16,293368,FALSE,0.466,0.807,10,-4.775,0,0.0407,0.00126,2.63e-05,0.404,0.358,173.979,4,drum-and-bass
15,277082,FALSE,0.379,0.726,8,-11.72,1,0.0452,0.0248,0.746,0.0898,0.101,124.178,4,drum-and-bass
23,172840,FALSE,0.494,0.941,9,-3.951,0,0.0442,0.0113,0.127,0.113,0.142,174.056,4,drum-and-bass
16,313932,FALSE,0.314,0.905,1,-0.877,0,0.0536,0.000176,0.675,0.199,0.24,174.971,4,drum-and-bass
16,260294,FALSE,0.524,0.98,1,-1.32,1,0.198,0.00666,0.101,0.114,0.343,170.048,4,drum-and-bass
16,276279,FALSE,0.535,0.842,10,-4.281,0,0.0474,0.00405,0.232,0.283,0.106,172.025,4,drum-and-bass
16,303938,FALSE,0.564,0.967,11,-4.102,0,0.105,0.0787,0.0463,0.222,0.192,154.972,4,drum-and-bass
16,291839,FALSE,0.495,0.884,1,-4.56,1,0.0461,0.00214,0.786,0.0692,0.474,171.998,4,drum-and-bass
16,233499,FALSE,0.552,0.896,1,-5.312,0,0.058,0.0364,2.12e-06,0.4,0.196,140.104,4,drum-and-bass
16,569973,FALSE,0.627,0.936,9,-3.518,0,0.087,3.37e-05,0.105,0.242,0.237,126.031,4,drum-and-bass
16,338150,FALSE,0.416,0.934,7,-4.349,1,0.0417,0.00212,0.932,0.234,0.115,172.976,4,drum-and-bass
44,181431,FALSE,0.699,0.409,1,-11.486,0,0.0412,0.303,0.936,0.107,0.624,120.012,4,drum-and-bass
7,220689,FALSE,0.553,0.893,9,-4.062,0,0.0545,0.0502,0.00145,0.145,0.138,174.019,4,drum-and-bass
48,168457,FALSE,0.582,0.753,6,-3.984,0,0.0322,0.00779,0.000153,0.103,0.145,87.497,4,drum-and-bass
49,233586,FALSE,0.56,0.828,11,-4.855,0,0.0477,0.0128,0.00401,0.112,0.365,172.047,4,drum-and-bass
46,314269,FALSE,0.708,0.726,1,-6.054,1,0.071,0.114,0.51,0.104,0.315,173.998,4,drum-and-bass
50,237931,FALSE,0.549,0.872,7,-2.933,0,0.0435,0.478,0.0141,0.364,0.305,173.969,4,drum-and-bass
50,228965,FALSE,0.276,0.989,1,-0.812,1,0.0667,0.00086,0.847,0.172,0.249,173.993,4,drum-and-bass
16,283426,FALSE,0.579,0.947,1,-1.682,1,0.0723,0.000465,0.915,0.1,0.398,173.988,4,drum-and-bass
15,313927,FALSE,0.716,0.931,1,-4.05,0,0.209,0.000412,0.67,0.327,0.2,85.995,4,drum-and-bass
42,268378,FALSE,0.285,0.867,10,-3.65,0,0.0465,0.0101,0.000269,0.0887,0.0378,173.818,4,drum-and-bass
16,207586,FALSE,0.627,0.756,0,-2.454,1,0.0601,0.00228,0.662,0.101,0.272,173.995,4,drum-and-bass
16,215172,FALSE,0.489,0.977,1,-0.938,1,0.0827,0.0386,0.027,0.291,0.155,116.011,5,drum-and-bass
16,153435,FALSE,0.788,0.466,11,-7.811,0,0.131,0.0229,0.00115,0.161,0.295,85.036,4,drum-and-bass
16,283551,FALSE,0.589,0.965,1,-1.368,1,0.0598,0.000206,0.799,0.11,0.313,175.966,4,drum-and-bass
15,373199,FALSE,0.715,0.737,4,-5.623,0,0.0977,0.107,0.000312,0.34,0.582,98.966,4,drum-and-bass
15,382187,FALSE,0.687,0.942,4,-4.393,0,0.0735,0.00127,0.681,0.0842,0.45,171.981,4,drum-and-bass
16,291462,FALSE,0.615,0.855,7,-5.053,0,0.0501,0.00255,0.0499,0.214,0.256,87.011,4,drum-and-bass
15,269485,FALSE,0.524,0.993,1,-1.344,0,0.0903,0.0351,0.476,0.391,0.45,175.033,4,drum-and-bass
16,237225,FALSE,0.535,0.884,3,-3.711,0,0.0488,0.000975,0.0797,0.129,0.303,172.995,4,drum-and-bass
15,377036,FALSE,0.365,0.852,0,-4.735,0,0.0637,0.00253,0.0524,0.295,0.261,174.027,4,drum-and-bass
16,262588,FALSE,0.611,0.83,5,-3.329,1,0.107,0.00853,0.0803,0.119,0.192,169.662,4,drum-and-bass
16,375265,FALSE,0.577,0.926,8,-5.925,0,0.0553,5.02e-05,0.906,0.583,0.789,164.914,4,drum-and-bass
15,299410,FALSE,0.476,0.805,4,-6.867,0,0.0376,0.00152,0.924,0.181,0.113,174.023,4,drum-and-bass
16,241436,FALSE,0.273,0.76,8,-5.524,0,0.0424,0.00714,0.703,0.105,0.0348,86.982,4,drum-and-bass
16,269840,FALSE,0.631,0.898,2,-11.435,1,0.104,0.0453,0.00124,0.182,0.854,165.806,4,drum-and-bass
15,370826,FALSE,0.743,0.485,1,-16.069,1,0.12,0.00158,0.912,0.0928,0.475,168.753,4,drum-and-bass
16,363120,FALSE,0.614,0.971,1,-3.827,0,0.172,0.000112,0.0808,0.426,0.741,173.999,4,drum-and-bass
15,345866,FALSE,0.624,0.876,11,-7.885,1,0.0426,0.00955,0.818,0.0992,0.322,149.982,4,drum-and-bass
16,420653,FALSE,0.719,0.983,6,-6.541,0,0.0709,0.00244,0.765,0.295,0.873,160.873,4,drum-and-bass
15,386666,FALSE,0.604,0.861,2,-3.777,1,0.11,0.000113,0.279,0.187,0.207,174.929,4,drum-and-bass
16,342069,FALSE,0.473,0.875,8,-3.978,0,0.0409,0.00452,0.00713,0.0867,0.0984,173.963,4,drum-and-bass
15,286734,FALSE,0.59,0.948,4,-2.559,0,0.156,0.0397,0.0261,0.114,0.48,177.949,4,drum-and-bass
15,351880,FALSE,0.519,0.939,5,-2.52,1,0.0482,0.0114,0.362,0.127,0.713,176.992,4,drum-and-bass
15,335486,FALSE,0.67,0.905,10,-0.782,0,0.0679,0.000314,0.844,0.101,0.739,172.998,4,drum-and-bass
44,519626,FALSE,0.343,0.572,4,-8.502,1,0.0341,0.0144,0,0.276,0.105,125.851,4,world-music
49,298681,FALSE,0.416,0.392,9,-8.97,1,0.0282,0.205,0.0294,0.0833,0.0896,141.8,3,world-music
51,228999,FALSE,0.666,0.408,11,-7.756,1,0.0285,0.743,0,0.11,0.324,119.955,4,world-music
43,267733,FALSE,0.658,0.293,10,-8.857,1,0.0303,0.852,0,0.102,0.186,119.981,4,world-music
49,518679,FALSE,0.375,0.681,2,-7.758,1,0.0404,0.00122,0.00265,0.632,0.0676,143.885,4,world-music
14,445426,FALSE,0.546,0.715,9,-11.927,1,0.0459,0.621,0.000218,0.294,0.85,104.905,4,world-music
50,281506,FALSE,0.302,0.274,1,-10.26,1,0.0353,0.947,2.28e-06,0.105,0.379,75.891,5,world-music
43,426699,FALSE,0.203,0.331,10,-7.2,1,0.0311,0.278,0,0.0948,0.0546,139.449,4,world-music
40,354280,FALSE,0.453,0.496,9,-6.816,1,0.0293,0.0631,0.00018,0.0619,0.158,135.934,4,world-music
38,321000,FALSE,0.428,0.773,10,-5.181,1,0.0487,0.028,0,0.126,0.274,143.986,4,world-music
41,396666,FALSE,0.251,0.484,8,-8.249,1,0.043,0.121,7.79e-06,0.483,0.192,136.067,4,world-music
52,342259,FALSE,0.478,0.333,7,-11.441,1,0.0328,0.316,0,0.0646,0.204,74.935,4,world-music
43,208053,FALSE,0.658,0.612,6,-5.132,1,0.0337,0.821,0,0.101,0.248,108.08,4,world-music
50,266773,FALSE,0.436,0.435,0,-8.182,1,0.0368,0.326,1.56e-05,0.088,0.189,123.207,4,world-music
47,166666,FALSE,0.651,0.887,10,-4.67,1,0.111,0.109,0,0.0765,0.238,107.991,4,world-music
50,444174,FALSE,0.593,0.625,2,-7.11,1,0.0291,0.015,0.000108,0.15,0.229,127.007,4,world-music
52,287080,FALSE,0.509,0.276,0,-10.406,1,0.0301,0.203,0,0.15,0.138,109.707,4,world-music
53,339870,FALSE,0.128,0.396,10,-9.904,1,0.0342,0.0561,8.3e-06,0.0966,0.05,71.965,4,world-music
50,371774,FALSE,0.403,0.412,6,-8.863,1,0.0286,0.0247,0,0.128,0.064,136.05,4,world-music
38,375200,FALSE,0.42,0.342,7,-8.831,1,0.0297,0.392,0,0.107,0.09,137.97,4,world-music
48,254880,FALSE,0.434,0.873,2,-3.749,1,0.0489,0.0234,0,0.323,0.365,150.077,4,world-music
26,64470,FALSE,0.411,0.0173,8,-43.043,1,0.763,7.41e-05,0.913,0.13,0.631,77.255,4,world-music
53,302817,FALSE,0.435,0.458,1,-10.148,0,0.0332,0.05,0,0.0799,0.221,137.595,4,world-music
43,257653,FALSE,0.344,0.248,10,-10.553,0,0.0306,0.678,0,0.106,0.119,137.92,4,world-music
26,174566,FALSE,0.104,0.0176,0,-32.272,1,0.0423,0.992,0.913,0.13,0.0396,90.758,4,world-music
26,305573,FALSE,0.404,0.655,9,-8.001,1,0.034,0.0031,0,0.165,0.2,136.946,4,world-music
48,408826,FALSE,0.312,0.431,11,-7.23,1,0.0296,0.191,0.00107,0.124,0.287,139.542,4,world-music
26,116000,FALSE,0.437,0.216,0,-21.602,1,0.0522,0.957,0.936,0.0983,0.0299,120.266,3,world-music
50,485396,FALSE,0.303,0.516,1,-8.518,1,0.0302,0.00574,0,0.163,0.0592,141.932,4,world-music
40,273558,FALSE,0.475,0.772,3,-3.988,1,0.0325,0.0141,0,0.151,0.318,81.998,4,world-music
50,273066,FALSE,0.427,0.549,11,-5.669,1,0.0348,0.0359,0,0.104,0.213,139.719,4,world-music
43,235599,FALSE,0.406,0.121,5,-11.65,1,0.0373,0.806,0,0.115,0.387,118.071,4,world-music
26,384999,FALSE,0.0899,0.118,5,-27.108,1,0.0351,0.963,0.962,0.0895,0.0602,79.274,4,world-music
26,364999,FALSE,0.308,0.0738,0,-25.906,0,0.047,0.926,0.0488,0.106,0.0559,71.61,3,world-music
27,287854,FALSE,0.209,0.00448,4,-28.345,1,0.0351,0.986,0.922,0.122,0.0394,70.92,3,world-music
41,285626,FALSE,0.523,0.882,4,-6.634,1,0.042,0.00267,0,0.107,0.445,116.113,4,world-music
40,467573,FALSE,0.431,0.361,7,-10.6,1,0.0247,0.587,0,0.129,0.15,76.851,4,world-music
51,378076,FALSE,0.412,0.371,0,-8.831,1,0.0336,0.435,0,0.117,0.206,129.409,3,world-music
27,229653,FALSE,0.676,0.941,11,-4.116,0,0.0543,0.00296,0,0.309,0.559,120.023,4,world-music
43,355102,FALSE,0.461,0.45,0,-8.849,1,0.0279,0.00976,0.00046,0.122,0.0808,128.015,4,world-music
26,159781,FALSE,0.509,0.206,0,-17.289,1,0.0803,0.992,0.9,0.187,0.342,75.057,4,world-music
27,375977,FALSE,0.0905,0.144,6,-25.182,1,0.0401,0.984,0.959,0.122,0.0347,170.643,3,world-music
43,504913,FALSE,0.429,0.416,9,-8.32,1,0.0283,0.0305,5.29e-05,0.107,0.0368,135.86,4,world-music
44,546300,FALSE,0.282,0.393,0,-10,1,0.0324,0.0333,0,0.102,0.106,129.891,4,world-music
27,192630,FALSE,0.287,0.0808,11,-21.822,0,0.0496,0.916,0.312,0.121,0.0588,62.194,4,world-music
26,588148,FALSE,0.116,0.156,2,-20.382,0,0.0375,0.938,0.958,0.067,0.0361,76.621,4,world-music
44,440746,FALSE,0.341,0.499,0,-7.397,1,0.0324,0.0403,0,0.094,0.156,126.226,4,world-music
43,191920,FALSE,0.378,0.285,6,-11.503,1,0.0271,0.257,0,0.078,0.175,171.865,3,world-music
45,266520,FALSE,0.515,0.168,7,-10.785,1,0.0321,0.828,0,0.104,0.169,125.558,4,world-music
41,241960,FALSE,0.493,0.654,10,-6.55,1,0.0326,0.00639,0,0.337,0.0899,148.113,4,world-music
27,224000,FALSE,0.308,0.653,6,-19.75,0,0.409,0.883,0.805,0.556,0.0377,97.168,1,world-music
48,234000,FALSE,0.306,0.613,6,-5.214,1,0.0671,0.119,0,0.105,0.546,162.524,3,world-music
14,329200,FALSE,0.516,0.623,9,-12.638,1,0.0362,0.747,0.000214,0.27,0.825,101.22,4,world-music
38,205520,FALSE,0.324,0.524,0,-7.622,1,0.0375,0.155,0,0.149,0.351,124.777,4,world-music
43,439573,FALSE,0.31,0.737,7,-5.427,1,0.0317,0.0321,1.25e-06,0.107,0.186,161.982,3,world-music
41,278036,FALSE,0.581,0.312,0,-10.178,1,0.0281,0.486,4.78e-06,0.12,0.182,126.824,4,world-music
50,232656,FALSE,0.444,0.642,4,-5.856,1,0.0309,0.0107,0,0.104,0.0831,156.875,4,world-music
35,238773,FALSE,0.51,0.564,0,-7.443,1,0.0284,0.1,0,0.318,0.328,137.931,4,world-music
47,337453,FALSE,0.405,0.678,10,-5.448,1,0.0352,0.0298,0,0.367,0.177,144.075,3,world-music
39,312506,FALSE,0.355,0.453,4,-7.113,1,0.0293,0.304,0,0.317,0.272,146.101,3,world-music
48,215020,FALSE,0.7,0.487,11,-5.437,0,0.0486,0.208,0,0.11,0.363,143.964,4,world-music
48,146020,FALSE,0.637,0.759,5,-4.804,1,0.0809,0.0244,0,0.0991,0.304,98.035,4,world-music
38,289000,FALSE,0.536,0.364,2,-9.82,1,0.0291,0.576,1.97e-06,0.154,0.275,113.875,4,world-music
40,479053,FALSE,0.237,0.55,7,-7.204,1,0.0327,0.117,4.62e-06,0.553,0.0762,151.477,4,world-music
52,225506,FALSE,0.405,0.617,4,-6.413,1,0.0326,0.0457,0,0.201,0.588,73.972,4,world-music
47,295064,FALSE,0.422,0.377,11,-8.705,1,0.0267,0.774,0,0.108,0.203,135.97,4,world-music
27,229733,FALSE,0.384,0.852,0,-7.162,1,0.0676,0.171,0,0.381,0.586,131.56,4,world-music
48,244973,FALSE,0.585,0.752,2,-5.552,1,0.04,0.011,4.98e-06,0.266,0.34,119.962,4,world-music
42,197019,FALSE,0.485,0.61,11,-5.759,1,0.0322,0.0248,0,0.0664,0.277,143.875,4,world-music
43,334533,FALSE,0.366,0.499,9,-7.263,1,0.0276,0.408,0.000213,0.125,0.128,72.913,3,world-music
54,251695,FALSE,0.471,0.846,2,-4.05,1,0.0388,0.0174,0,0.148,0.314,109.997,4,world-music
25,117000,FALSE,0.363,0.0195,4,-28.902,1,0.0566,0.95,0.964,0.101,0.0317,135.756,3,world-music
32,241600,FALSE,0.576,0.711,5,-8.159,1,0.0421,0.213,2.43e-06,0.106,0.581,95.914,4,world-music
53,415079,FALSE,0.253,0.359,11,-8.482,1,0.0317,0.31,6.16e-06,0.359,0.115,115.348,3,world-music
45,300427,FALSE,0.595,0.319,4,-10.656,1,0.0271,0.643,2.32e-06,0.0898,0.235,136.09,4,world-music
40,270400,FALSE,0.338,0.371,9,-13.026,1,0.0334,0.705,0,0.334,0.244,159.633,4,world-music
44,292693,FALSE,0.327,0.269,4,-12.912,1,0.0339,0.825,0.000234,0.108,0.0857,141.514,4,world-music
26,117000,FALSE,0.222,0.502,1,-24.618,1,0.061,0.86,0.97,0.101,0.227,132.561,1,world-music
48,328933,FALSE,0.246,0.51,2,-6.637,1,0.036,0.00799,4.57e-05,0.325,0.101,159.915,4,world-music
43,319493,FALSE,0.228,0.527,5,-7.72,1,0.0359,0.00189,0,0.106,0.0843,161.463,4,world-music
25,705288,FALSE,0.308,0.148,4,-23.87,1,0.0395,0.83,0.811,0.0963,0.0398,116.531,3,world-music
47,193106,FALSE,0.493,0.16,10,-11.501,1,0.0312,0.932,0,0.193,0.253,78.345,3,world-music
38,363013,FALSE,0.307,0.546,4,-6.651,1,0.046,0.0904,0,0.551,0.3,141.605,4,world-music
38,213173,FALSE,0.479,0.942,8,-5.803,1,0.041,0.0297,1.09e-05,0.112,0.647,96.397,4,world-music
48,191283,FALSE,0.6,0.566,9,-9.058,1,0.114,0.131,1.07e-05,0.113,0.153,120.088,4,world-music
26,222171,FALSE,0.363,0.978,1,-25.881,1,0.0579,0.918,0.939,0.805,0.0128,97.477,3,world-music
37,335724,FALSE,0.348,0.154,11,-13.982,1,0.0507,0.884,0,0.111,0.295,77.992,4,world-music
43,244696,FALSE,0.551,0.945,2,-8.005,1,0.0439,3.55e-05,0,0.469,0.296,125.982,4,world-music
25,253000,FALSE,0.19,0.445,1,-16.112,0,0.048,0.786,0.837,0.151,0.118,119.421,3,world-music
43,230673,FALSE,0.431,0.734,1,-4.561,1,0.0383,0.121,0,0.104,0.363,159.974,4,world-music
34,300560,FALSE,0.459,0.375,4,-7.457,1,0.0254,0.28,0,0.111,0.46,144.027,4,world-music
26,299200,FALSE,0.768,0.534,4,-10.144,0,0.152,0.34,1.41e-05,0.0708,0.764,179.97,4,world-music
25,212079,FALSE,0.123,0.00887,6,-27.479,1,0.0389,0.99,0.925,0.123,0.0439,70.454,4,world-music
37,244349,FALSE,0.573,0.881,8,-7.097,1,0.0509,0.000915,0,0.202,0.51,126.039,4,world-music
25,403999,FALSE,0.208,0.151,4,-17.049,1,0.0493,0.994,0.967,0.0933,0.0709,115.146,1,world-music
37,240396,FALSE,0.518,0.183,4,-14.355,1,0.0328,0.907,0,0.112,0.308,143.62,4,world-music
41,297640,FALSE,0.388,0.561,7,-7.374,1,0.0302,0.00881,0,0.763,0.18,139.777,4,world-music
26,364981,FALSE,0.143,0.0206,9,-30.18,0,0.0475,0.809,0.606,0.0859,0.039,71.35,4,world-music
25,403113,FALSE,0.135,0.0271,9,-29.209,1,0.0373,0.993,0.983,0.0907,0.0376,70.888,4,world-music
56,221274,FALSE,0.455,0.403,4,-8.221,1,0.0388,0.555,0,0.327,0.434,125.858,4,world-music
25,396033,FALSE,0.0748,0.202,1,-16.793,1,0.0368,0.987,0.939,0.124,0.034,66.177,4,world-music
13,184026,FALSE,0.569,0.205,4,-16.741,0,0.0382,0.833,0.00014,0.0935,0.518,91.439,4,world-music
37,268600,FALSE,0.45,0.817,0,-5.069,1,0.047,0.0016,0,0.175,0.457,159.817,3,world-music
37,329106,FALSE,0.516,0.717,2,-6.718,1,0.0329,0.00194,0.00306,0.904,0.176,135.9,4,world-music
34,222840,FALSE,0.614,0.417,11,-10.491,1,0.0275,0.453,1.1e-05,0.199,0.309,132.06,4,world-music
41,301973,FALSE,0.323,0.232,9,-12.207,1,0.0344,0.846,8.6e-06,0.0777,0.322,132.536,4,world-music
50,174971,FALSE,0.49,0.231,0,-13.968,1,0.0265,0.607,0,0.0859,0.0904,103.958,4,world-music
24,166746,FALSE,0.0865,0.00504,5,-36.082,0,0.0494,0.991,0.965,0.101,0.138,169.362,4,world-music
42,417840,FALSE,0.294,0.35,9,-11.215,1,0.0326,0.467,9.58e-05,0.85,0.0835,135.927,4,world-music
41,178720,FALSE,0.442,0.722,8,-4.79,1,0.039,0.416,0,0.122,0.526,75.966,4,world-music
43,228845,FALSE,0.424,0.732,1,-4.547,1,0.0393,0.104,0,0.108,0.426,160.287,4,world-music
52,365185,FALSE,0.301,0.47,1,-7.896,1,0.0314,0.195,0,0.113,0.0724,74.912,4,world-music
42,207384,FALSE,0.663,0.899,1,-3.816,1,0.0472,0.00041,0.000905,0.366,0.841,118.015,4,world-music
40,197979,FALSE,0.526,0.833,1,-5.112,1,0.0412,0.0447,0,0.134,0.524,81.936,4,world-music
43,330506,FALSE,0.395,0.58,0,-7.423,1,0.0284,0.363,0,0.0436,0.16,153.784,4,world-music
39,199066,FALSE,0.415,0.693,9,-4.664,1,0.0318,0.027,0,0.183,0.572,167.826,4,world-music
47,189398,FALSE,0.431,0.34,11,-10.316,1,0.0275,0.472,0.0034,0.115,0.181,80.044,4,world-music
38,431380,FALSE,0.517,0.956,10,-4.709,1,0.0675,0.00018,0.00159,0.215,0.193,127.985,4,world-music
48,330840,FALSE,0.515,0.0736,8,-15.492,1,0.031,0.975,0.000261,0.082,0.0684,109.964,4,world-music
25,216903,FALSE,0.131,0.00867,9,-41.49,0,0.0408,0.992,0.925,0.113,0.0569,145.861,4,world-music
48,351236,FALSE,0.624,0.124,5,-11.191,1,0.028,0.917,0,0.12,0.206,78.014,4,world-music
39,441680,FALSE,0.255,0.148,5,-13.001,1,0.0361,0.626,2.89e-06,0.989,0.0809,117.479,4,world-music
45,234466,FALSE,0.276,0.766,9,-5.202,1,0.0387,0.000465,7.25e-06,0.0874,0.19,167.92,4,world-music
49,205386,FALSE,0.464,0.225,0,-9.155,1,0.0403,0.587,5.64e-06,0.116,0.214,84.677,4,world-music
40,238893,FALSE,0.551,0.65,4,-9.09,1,0.0316,0.00865,5.58e-05,0.263,0.301,98.098,4,world-music
25,370774,FALSE,0.206,0.19,2,-20.226,1,0.0422,0.972,0.923,0.11,0.0353,128.255,4,world-music
25,377999,FALSE,0.0633,0.083,4,-25.813,0,0.0458,0.963,0.959,0.106,0.0329,67.022,4,world-music
43,200360,FALSE,0.645,0.944,0,-5.451,1,0.0565,0.0133,0,0.667,0.396,99.971,4,world-music
43,211506,FALSE,0.391,0.6,0,-3.935,1,0.0298,0.0692,0,0.134,0.27,81.964,4,world-music
46,237773,FALSE,0.669,0.856,2,-6.437,1,0.0492,0.00995,0,0.491,0.502,121.972,4,world-music
40,297133,FALSE,0.511,0.935,10,-4.743,1,0.0409,0.00061,2.39e-06,0.928,0.511,107.999,4,world-music
25,380999,FALSE,0.117,0.224,5,-22.045,1,0.0381,0.944,0.963,0.0992,0.0335,87.464,4,world-music
25,236968,FALSE,0.166,0.00892,5,-32.364,0,0.0514,0.988,0.955,0.0918,0.0929,130.205,4,world-music
25,455580,FALSE,0.436,0.336,10,-9.894,1,0.0307,0.0455,0,0.7,0.143,107.78,4,world-music
25,555826,FALSE,0.228,0.127,7,-25.494,1,0.0598,0.924,0.777,0.14,0.0363,128.591,3,world-music
24,310552,FALSE,0.327,0.0848,11,-21.8,1,0.0317,0.993,0.946,0.165,0.104,67.844,4,world-music
44,202988,FALSE,0.599,0.935,10,-3.736,1,0.0453,0.0541,0,0.11,0.405,119.984,4,world-music
25,401999,FALSE,0.197,0.137,1,-20.976,0,0.0449,0.994,0.957,0.104,0.0377,86.368,4,world-music
42,338026,FALSE,0.274,0.485,8,-9.375,1,0.0299,0.0852,0,0.129,0.333,146.464,4,world-music
36,250973,FALSE,0.536,0.667,2,-8.427,1,0.0268,0.0041,0.00306,0.752,0.329,110.013,4,world-music
25,331613,FALSE,0.517,0.116,5,-21.764,0,0.0483,0.994,0.929,0.109,0.0999,90.003,4,world-music
52,218786,FALSE,0.575,0.604,7,-7.223,1,0.0452,0.015,0,0.0725,0.517,74.974,4,world-music
49,413573,FALSE,0.322,0.558,4,-8.321,1,0.0306,0.0596,0.00016,0.102,0.0813,139.92,4,world-music
25,207866,FALSE,0.773,0.634,5,-7.33,0,0.0754,0.381,0,0.163,0.565,135.991,4,world-music
39,253986,FALSE,0.671,0.428,8,-7.347,1,0.0282,0.322,0,0.111,0.36,113.379,4,world-music
43,274533,FALSE,0.454,0.635,10,-8.286,1,0.0331,0.0103,0,0.233,0.0931,148.169,4,world-music
55,183706,FALSE,0.612,0.83,0,-4.361,1,0.0464,0.00171,0,0.125,0.525,103.84,4,world-music
25,268000,FALSE,0.162,0.419,2,-17.254,0,0.0417,0.739,0.967,0.0961,0.0757,99.655,5,world-music
37,273465,FALSE,0.301,0.302,10,-10.509,1,0.0294,0.0628,8.14e-06,0.106,0.13,136.356,4,world-music
45,319744,FALSE,0.412,0.345,2,-9.411,1,0.0281,0.434,1.14e-05,0.36,0.101,139.951,3,world-music
25,433513,FALSE,0.166,0.687,7,-5.253,1,0.0394,0.00332,3.45e-05,0.188,0.198,151.263,4,world-music
49,239613,FALSE,0.428,0.73,11,-4.435,1,0.0286,0.00497,0,0.244,0.161,147.976,4,world-music
50,252957,FALSE,0.446,0.0974,6,-14.472,1,0.0319,0.95,0.000149,0.0725,0.146,64.068,4,world-music
39,278440,FALSE,0.336,0.653,8,-8.475,1,0.0341,0.0301,2.6e-06,0.964,0.271,160.529,4,world-music
50,329534,FALSE,0.333,0.119,7,-15.373,1,0.0325,0.787,7.2e-05,0.103,0.0702,139.742,4,world-music
39,371640,FALSE,0.4,0.728,2,-6.467,1,0.0448,0.0183,0,0.0913,0.205,139.821,4,world-music
49,254373,FALSE,0.301,0.762,7,-3.392,1,0.0402,0.0919,0,0.0822,0.223,161.864,3,world-music
51,395161,FALSE,0.368,0.672,11,-7.597,1,0.0402,0.00269,0,0.121,0.165,145.114,4,world-music
37,325253,FALSE,0.456,0.805,0,-4.308,1,0.0348,8.3e-05,3.55e-06,0.924,0.21,128.001,4,world-music
27,266000,FALSE,0.493,0.684,11,-5.436,1,0.0262,0.0468,0,0.121,0.357,83.516,4,world-music
36,120413,FALSE,0.628,0.52,4,-8.331,1,0.0278,0.812,0,0.963,0.654,89.97,4,world-music
50,244120,FALSE,0.51,0.42,6,-8.014,1,0.0312,0.384,0,0.102,0.19,125.898,4,world-music
30,401773,FALSE,0.423,0.617,0,-6.458,1,0.0308,0.0091,0,0.866,0.199,142.042,4,world-music
44,258482,FALSE,0.513,0.81,0,-6.826,1,0.0393,0.000796,0,0.911,0.372,121.015,4,world-music
24,350000,FALSE,0.205,0.181,0,-18.639,0,0.0618,0.987,0.968,0.129,0.0377,72.184,3,world-music
48,261229,FALSE,0.523,0.535,0,-11.394,1,0.031,0.0209,0,0.111,0.76,159.903,4,world-music
55,336932,FALSE,0.254,0.527,4,-9.225,1,0.0395,0.0327,3.21e-05,0.0532,0.1,147.561,4,world-music
42,242840,FALSE,0.451,0.952,9,-3.186,1,0.0571,0.0378,0,0.901,0.381,95.985,4,world-music
24,118000,FALSE,0.254,0.996,6,-21.444,1,0.0549,0.157,0.661,0.353,0.012,107.921,4,world-music
42,209920,FALSE,0.571,0.853,9,-6.589,0,0.0465,0.00643,1.32e-06,0.684,0.376,126.016,4,world-music
40,240493,FALSE,0.457,0.435,8,-7.299,1,0.0277,0.262,0,0.103,0.312,75.997,4,world-music
25,277920,FALSE,0.234,0.673,1,-4.898,1,0.0372,0.157,0,0.129,0.419,159.785,3,world-music
24,278998,FALSE,0.12,0.0846,1,-24.92,1,0.0465,0.993,0.945,0.105,0.0338,71.719,3,world-music
40,290300,FALSE,0.449,0.213,6,-13.079,0,0.0291,0.573,0,0.706,0.172,70.477,4,world-music
38,267546,FALSE,0.421,0.554,11,-7.365,1,0.0323,0.0318,8.89e-05,0.26,0.0709,142.663,4,world-music
47,182573,FALSE,0.64,0.848,5,-4.172,1,0.0444,0.0103,0,0.176,0.639,141.978,4,world-music
44,225623,FALSE,0.436,0.721,5,-7.864,1,0.0461,0.00383,0,0.361,0.196,126.859,4,world-music
38,394293,FALSE,0.338,0.486,4,-7.38,1,0.0308,0.235,0,0.433,0.117,143.689,4,world-music
24,203960,FALSE,0.53,0.654,11,-7.017,1,0.0279,0.045,0,0.0685,0.427,75.033,4,world-music
37,470760,FALSE,0.499,0.531,4,-10.022,1,0.0291,0.0106,0,0.247,0.139,104.026,4,world-music
45,195480,FALSE,0.545,0.822,7,-6.555,1,0.0278,0.0136,1.27e-05,0.716,0.229,130.051,4,world-music
24,118000,FALSE,0.165,0.112,1,-39.693,1,0.101,0.96,0.972,0.107,0.173,85.856,4,world-music
43,386986,FALSE,0.359,0.501,2,-8.621,1,0.0294,0.151,2.31e-06,0.11,0.077,145.785,4,world-music
43,222746,FALSE,0.516,0.832,10,-4.899,1,0.0419,0.124,0,0.0663,0.614,139.955,4,world-music
24,106000,FALSE,0.196,0.116,3,-31.417,1,0.0377,0.859,0.956,0.106,0.102,49.126,4,world-music
33,232333,FALSE,0.535,0.793,4,-8.073,1,0.0518,0.0409,0,0.487,0.558,131.798,4,world-music
37,208120,FALSE,0.388,0.794,0,-6.262,1,0.044,0.12,0,0.0957,0.328,150.032,4,world-music
25,109506,FALSE,0.139,0.925,10,-32.267,0,0.0474,0.131,0.992,0.895,0.00271,85.949,1,world-music
50,479771,FALSE,0.375,0.508,1,-9.399,1,0.0335,0.115,2.04e-06,0.0647,0.124,135.024,4,world-music
24,3601693,FALSE,0,2.03e-05,1,-11.165,1,0,0.186,1,0.362,0,0,0,world-music
36,251264,FALSE,0.369,0.637,11,-6.279,1,0.0299,0.0443,0,0.179,0.121,75.37,4,world-music
34,475813,FALSE,0.239,0.694,10,-5.618,1,0.0381,0.00045,0,0.425,0.166,169.966,3,world-music
25,253320,FALSE,0.517,0.606,7,-8.692,1,0.0319,0.138,1.67e-05,0.0645,0.187,148.054,4,world-music
25,266847,FALSE,0.177,0.208,11,-12.633,1,0.0376,0.906,0.919,0.111,0.0381,68.734,4,world-music
43,280600,FALSE,0.215,0.699,4,-9.236,0,0.12,0.387,0.0122,0.974,0.147,135.639,4,world-music
25,212800,FALSE,0.535,0.537,7,-9.015,0,0.038,0.808,0,0.255,0.919,119.241,4,world-music
37,288345,FALSE,0.464,0.239,2,-10.822,1,0.0289,0.606,0,0.112,0.361,139.63,4,world-music
25,232146,FALSE,0.804,0.854,7,-7.937,1,0.0487,0.611,8.31e-05,0.395,0.841,104.004,4,world-music
25,320465,FALSE,0.285,0.21,4,-15.226,1,0.0335,0.934,0.0601,0.11,0.105,70.582,3,world-music
40,276426,FALSE,0.527,0.838,0,-6.615,1,0.0478,0.00161,0,0.764,0.371,121.96,4,world-music
40,254235,FALSE,0.458,0.58,5,-7.502,1,0.0347,0.0802,1.41e-06,0.238,0.168,143.81,4,world-music
38,228986,FALSE,0.532,0.23,4,-13.153,1,0.0314,0.81,0,0.107,0.267,124.822,4,world-music
43,292546,FALSE,0.503,0.143,2,-14.105,1,0.0291,0.913,0,0.12,0.263,70.072,4,world-music
38,324173,FALSE,0.437,0.555,10,-6.758,1,0.0367,0.0833,0,0.704,0.157,119.902,4,world-music
36,202878,FALSE,0.526,0.707,5,-5.696,1,0.0388,0.053,0,0.13,0.39,154.83,4,world-music
46,155000,FALSE,0.542,0.695,11,-7.566,0,0.0559,0.19,0.000184,0.515,0.435,144.007,4,world-music
42,296400,FALSE,0.466,0.67,8,-4.701,1,0.0297,0.155,0,0.145,0.395,126.142,4,world-music
46,203752,FALSE,0.418,0.331,8,-8.296,1,0.0339,0.931,4.92e-05,0.0994,0.376,82.134,5,world-music
42,225996,FALSE,0.293,0.658,6,-9.224,0,0.0447,0.0122,0,0.089,0.338,157.315,3,world-music
41,256133,FALSE,0.495,0.789,10,-4.139,1,0.0348,0.0199,0,0.126,0.286,86.019,4,world-music
33,272391,FALSE,0.43,0.21,7,-12.989,1,0.0352,0.884,0,0.0677,0.305,151.439,3,world-music
37,311400,FALSE,0.303,0.731,9,-7.861,1,0.0608,0.164,0.000383,0.284,0.224,147.386,4,world-music
24,227668,FALSE,0.73,0.744,1,-4.444,0,0.0439,0.00651,3.36e-05,0.0633,0.696,131.971,4,world-music
38,203440,FALSE,0.658,0.575,9,-7.546,1,0.0276,0.00386,0,0.135,0.82,100.026,4,world-music
32,214724,FALSE,0.53,0.841,9,-4.643,1,0.0342,0.25,0,0.0939,0.417,75.033,4,world-music
47,314328,FALSE,0.402,0.263,2,-12.643,1,0.0301,0.821,0,0.0824,0.282,143.773,4,world-music
43,193240,FALSE,0.344,0.598,9,-4.596,1,0.0376,0.541,0,0.196,0.276,179.89,4,world-music
40,319960,FALSE,0.417,0.535,2,-7.033,1,0.0359,0.209,0,0.0948,0.355,143.895,4,world-music
41,181507,FALSE,0.283,0.0678,2,-13.795,1,0.033,0.704,0.00125,0.11,0.179,86.938,4,world-music
45,241773,FALSE,0.471,0.617,0,-9.163,1,0.0302,0.424,2.62e-05,0.364,0.362,136.013,4,world-music
40,227033,FALSE,0.503,0.581,10,-6.928,1,0.0347,0.188,0,0.109,0.379,143.969,4,world-music
23,357999,FALSE,0.139,0.0838,3,-24.937,0,0.0437,0.994,0.907,0.109,0.0363,70.194,5,world-music
23,240000,FALSE,0.526,0.192,10,-19.492,1,0.0327,0.89,0.942,0.1,0.365,125.962,4,world-music
47,226373,FALSE,0.59,0.782,9,-5.638,1,0.123,0.0107,1.12e-05,0.0484,0.352,177.811,4,world-music
40,377533,FALSE,0.179,0.384,7,-10.577,1,0.0299,0.561,7.77e-06,0.191,0.171,69.024,4,world-music
43,428102,FALSE,0.187,0.587,5,-7.662,0,0.0472,0.0154,9.92e-06,0.105,0.0716,75.237,4,world-music
41,305880,FALSE,0.404,0.649,2,-5.299,1,0.0285,0.00278,8.85e-06,0.191,0.194,77.064,4,world-music
24,604806,FALSE,0.132,0.0542,7,-20.167,1,0.0364,0.969,0.928,0.0988,0.0518,97.971,4,world-music
23,355000,FALSE,0.325,0.00267,10,-20.489,1,0.0514,0.979,0.933,0.0991,0.0964,69.883,4,world-music
50,426715,FALSE,0.494,0.522,2,-6.723,1,0.0291,0.319,0,0.67,0.188,72.009,4,world-music
41,213523,FALSE,0.5,0.937,0,-4.606,1,0.0886,0.00633,0,0.686,0.341,131.988,4,world-music
36,129960,FALSE,0.348,0.249,9,-10.28,1,0.029,0.143,0,0.221,0.0913,74.577,3,world-music
24,271000,FALSE,0.174,0.133,0,-23.521,1,0.0374,0.969,0.274,0.154,0.0719,92.279,4,world-music
41,300386,FALSE,0.341,0.748,10,-5.559,1,0.0334,0.047,0.000529,0.396,0.326,161.714,4,world-music
41,310506,FALSE,0.329,0.368,2,-9.865,1,0.0334,0.395,1.67e-05,0.115,0.354,108.685,4,world-music
36,298764,FALSE,0.414,0.639,9,-6.234,1,0.0305,0.0684,0,0.102,0.347,136.789,4,world-music
46,256640,FALSE,0.643,0.78,6,-5.352,0,0.04,0.102,2.81e-05,0.0941,0.48,113.96,4,world-music
42,208978,FALSE,0.575,0.939,1,-4.113,1,0.127,0.00118,0,0.205,0.624,128.035,4,world-music
40,222733,FALSE,0.333,0.52,0,-9.746,1,0.0315,0.182,6.28e-06,0.673,0.259,91.983,4,world-music
45,218197,FALSE,0.681,0.843,5,-6.213,1,0.0423,0.0421,0,0.791,0.612,104.983,4,world-music
43,375000,FALSE,0.43,0.376,4,-12.676,1,0.0361,0.727,8.29e-05,0.234,0.338,147.28,4,world-music
37,302113,FALSE,0.359,0.78,1,-5.685,0,0.0372,2.46e-05,0,0.738,0.26,151.939,4,world-music
25,201600,FALSE,0.647,0.682,2,-6.662,1,0.0394,0.731,4.02e-06,0.235,0.879,95.701,4,world-music
40,203426,FALSE,0.558,0.858,0,-6.5,1,0.0431,0.00571,0,0.715,0.269,114.992,4,world-music
41,334053,FALSE,0.158,0.499,0,-7.422,1,0.0369,0.00399,0,0.112,0.109,199.573,3,world-music
50,248760,FALSE,0.426,0.829,0,-4.075,1,0.0334,0.118,0,0.137,0.524,144.834,4,world-music
38,219378,FALSE,0.531,0.534,5,-7.577,1,0.0277,0.0143,0,0.0642,0.344,81.873,4,world-music
46,332946,FALSE,0.421,0.75,2,-6.596,1,0.0437,0.227,0,0.702,0.199,75.003,4,world-music
24,287466,FALSE,0.694,0.463,4,-6.785,0,0.029,0.642,2.24e-06,0.118,0.178,106.684,3,world-music
25,354626,FALSE,0.483,0.501,0,-10.215,0,0.0587,0.807,0.000217,0.711,0.583,154.884,4,world-music
46,301240,FALSE,0.438,0.32,11,-7.085,1,0.0282,0.356,0,0.0767,0.267,81.979,4,world-music
40,215066,FALSE,0.679,0.757,10,-7.668,0,0.0556,0.0255,0.355,0.312,0.611,110.015,4,world-music
41,293160,FALSE,0.248,0.294,11,-8.327,1,0.0295,0.764,0,0.108,0.126,149.464,3,world-music
51,353013,FALSE,0.397,0.727,11,-5.316,1,0.0316,0.0336,8.33e-05,0.113,0.141,136.017,4,world-music
40,344853,FALSE,0.455,0.445,0,-9.249,1,0.0306,0.155,7.88e-06,0.174,0.0987,142.004,4,world-music
36,320146,FALSE,0.432,0.701,1,-6.181,1,0.0474,0.0202,0,0.151,0.169,144.074,4,world-music
39,281440,FALSE,0.465,0.726,2,-5.334,1,0.0602,0.0603,0,0.0919,0.185,139.916,4,world-music
45,389982,FALSE,0.199,0.277,8,-10.719,1,0.0327,0.843,0,0.0725,0.142,89.074,5,world-music
36,239040,FALSE,0.384,0.576,11,-9.801,1,0.0311,0.257,0,0.0868,0.324,171.987,3,world-music
41,276066,FALSE,0.235,0.208,7,-14.046,1,0.0317,0.752,0,0.947,0.226,144.471,3,world-music
46,319546,FALSE,0.585,0.113,1,-14.884,1,0.0335,0.921,0,0.108,0.224,138.186,4,world-music
49,330422,FALSE,0.3,0.189,7,-11.753,1,0.0303,0.935,0,0.114,0.264,96.731,3,world-music
36,203200,FALSE,0.57,0.838,2,-6.17,1,0.0257,0.000186,0,0.08,0.454,105.977,4,world-music
45,315007,FALSE,0.395,0.397,10,-9.125,1,0.0334,0.537,6.75e-05,0.125,0.229,131.527,4,world-music
44,387167,FALSE,0.503,0.747,11,-7.591,1,0.0285,0.0795,2.72e-05,0.099,0.189,132.001,4,world-music
35,240853,FALSE,0.341,0.349,11,-8.402,1,0.0319,0.628,0,0.162,0.199,70.65,3,world-music
45,372546,FALSE,0.563,0.307,10,-11.49,1,0.0286,0.863,3.2e-05,0.108,0.25,131.91,4,world-music
42,228341,FALSE,0.523,0.899,5,-8.22,0,0.121,0.000108,0.00143,0.713,0.439,128.075,4,world-music
50,312266,FALSE,0.416,0.429,0,-10.347,1,0.0355,0.592,0,0.0622,0.0926,91.072,4,world-music
23,116000,FALSE,0.249,0.995,1,-21.726,1,0.0722,0.178,0.819,0.397,0.00984,110.245,4,world-music
50,397216,FALSE,0.255,0.558,1,-7.974,1,0.0359,0.0169,2.17e-05,0.0879,0.183,141.486,4,world-music
36,386040,FALSE,0.546,0.514,9,-7.224,1,0.0324,0.377,6.87e-06,0.1,0.14,119.91,4,world-music
39,272290,FALSE,0.541,0.495,9,-6.221,1,0.0288,0.452,0,0.112,0.386,74.986,4,world-music
43,611770,FALSE,0.308,0.613,0,-7.665,1,0.0427,0.0167,0,0.217,0.19,127.08,4,world-music
45,334466,FALSE,0.392,0.769,0,-5.137,1,0.032,0.0403,0,0.306,0.294,144.025,4,world-music
39,310293,FALSE,0.226,0.275,7,-13.02,0,0.0302,0.74,9.42e-05,0.344,0.151,142.075,4,world-music
48,240986,FALSE,0.59,0.837,7,-5.204,0,0.0921,0.217,1.66e-05,0.107,0.356,130.043,4,world-music
45,385360,FALSE,0.445,0.559,11,-9.474,1,0.0364,0.00603,1.24e-05,0.949,0.185,136.016,4,world-music
42,244546,FALSE,0.447,0.315,7,-9.422,1,0.0282,0.437,0,0.125,0.334,134.052,4,world-music
42,383293,FALSE,0.464,0.788,11,-6.405,1,0.0405,0.144,0,0.195,0.186,104.965,4,world-music
41,241263,FALSE,0.38,0.742,2,-5.677,1,0.0369,0.000812,0,0.856,0.262,160.748,4,world-music
23,227000,FALSE,0.421,0.0099,7,-26.688,1,0.0332,0.982,0.954,0.0928,0.0357,69.963,3,world-music
42,196022,FALSE,0.549,0.466,2,-12.071,1,0.0379,0.2,1.13e-06,0.121,0.258,149.87,4,world-music
24,96219,FALSE,0.24,0.86,8,-22.247,0,0.0673,0.000592,0.978,0.82,0.0223,112.507,3,world-music
45,211822,FALSE,0.342,0.297,0,-8.403,0,0.0312,0.717,6.21e-05,0.131,0.071,76.657,4,world-music
44,416893,FALSE,0.289,0.262,0,-11.907,1,0.0304,0.616,0.0012,0.933,0.154,136.47,4,world-music
24,334592,FALSE,0.0765,0.317,6,-11.549,0,0.0337,0.797,0.869,0.111,0.124,80.168,4,world-music
43,235599,FALSE,0.406,0.121,5,-11.65,1,0.0373,0.806,0,0.115,0.387,118.071,4,world-music
24,272880,FALSE,0.691,0.651,1,-9.419,1,0.11,0.501,1.51e-05,0.162,0.552,105.997,4,world-music
23,113406,FALSE,0.102,0.93,8,-31.992,1,0.0422,0.143,0.993,0.85,1e-05,75.548,3,world-music
39,311240,FALSE,0.171,0.752,6,-5.515,0,0.0414,0.0224,0,0.317,0.165,72.895,4,world-music
23,104025,FALSE,0.173,0.895,1,-33.335,1,0.0431,0.152,0.992,0.92,0.00312,94.917,3,world-music
23,421000,FALSE,0.196,0.126,2,-15.217,1,0.0306,0.976,0.905,0.0639,0.0796,99.783,1,world-music
36,263266,FALSE,0.256,0.648,10,-4.237,1,0.0382,0.0202,0,0.299,0.331,179.688,3,world-music
24,384501,FALSE,0.266,0.318,0,-8.948,1,0.0429,0.265,0,0.713,0.219,190.389,3,world-music
23,345909,FALSE,0.445,0.168,0,-16.367,1,0.0306,0.962,0.679,0.554,0.0951,132.089,4,world-music
23,312396,FALSE,0.138,0.255,5,-19.885,1,0.0331,0.988,0.871,0.0848,0.0399,74.75,5,world-music
42,365134,FALSE,0.356,0.555,1,-5.658,1,0.0311,0.237,0,0.107,0.0759,78.104,4,world-music
41,271586,FALSE,0.312,0.22,8,-9.98,1,0.0411,0.829,0,0.103,0.173,71.038,4,world-music
35,267353,FALSE,0.444,0.766,0,-3.648,1,0.0322,0.059,0,0.269,0.393,148.023,4,world-music
39,292373,FALSE,0.353,0.575,9,-7.047,1,0.0316,0.0278,0,0.856,0.255,143.982,4,world-music
40,217373,FALSE,0.626,0.195,3,-12.24,1,0.0379,0.876,0,0.117,0.532,153.712,4,world-music
39,311788,FALSE,0.516,0.806,9,-7.74,1,0.0492,0.00198,3.75e-06,0.699,0.315,103.063,4,world-music
46,556844,FALSE,0.124,0.481,2,-7.785,1,0.0324,0.174,0,0.268,0.105,74.962,4,world-music
43,351771,FALSE,0.515,0.261,10,-12.016,1,0.0289,0.781,0.000828,0.11,0.0388,119.941,3,world-music
11,303973,FALSE,0.63,0.462,3,-10.792,1,0.0406,0.849,0.000186,0.125,0.963,84.252,4,world-music
28,274829,FALSE,0.283,0.432,11,-8.925,1,0.0352,0.543,0,0.965,0.161,73.195,4,world-music
43,214693,FALSE,0.487,0.568,11,-8.444,0,0.0395,0.811,0.000107,0.135,0.291,187.774,4,world-music
45,280519,FALSE,0.548,0.737,6,-7.471,1,0.0337,0.157,0,0.382,0.407,119.974,4,world-music
40,244413,FALSE,0.452,0.821,7,-5.863,1,0.0442,0.382,0,0.0902,0.311,147.871,4,world-music
45,323346,FALSE,0.394,0.627,9,-6.707,1,0.0322,0.25,0,0.118,0.237,153.939,4,world-music
38,574973,FALSE,0.337,0.418,4,-10.758,1,0.034,0.101,0,0.395,0.305,131.985,4,world-music
47,273183,FALSE,0.558,0.418,0,-9.144,1,0.0291,0.137,0,0.0965,0.385,125.97,4,world-music
44,207720,FALSE,0.619,0.621,6,-4.78,1,0.0229,0.461,0,0.186,0.633,92.017,4,world-music
35,198043,FALSE,0.509,0.572,7,-4.139,1,0.0282,0.606,4.42e-05,0.125,0.141,139.852,4,world-music
37,194266,FALSE,0.231,0.234,5,-12.478,1,0.0328,0.872,0,0.228,0.107,74.248,4,world-music
41,304140,FALSE,0.578,0.91,0,-6.849,1,0.0672,0.000661,0.0472,0.42,0.691,123.976,4,world-music
39,428186,FALSE,0.316,0.581,7,-6.609,1,0.0325,0.0873,0,0.0699,0.175,141.705,4,world-music
41,347960,FALSE,0.337,0.884,1,-5.096,1,0.0588,0.0154,0,0.395,0.331,155.942,4,world-music
43,195516,FALSE,0.348,0.693,1,-6.024,1,0.187,0.208,0,0.268,0.245,87.969,4,world-music
22,370999,FALSE,0.165,0.146,0,-23.202,1,0.0426,0.972,0.264,0.229,0.0552,93.777,1,world-music
40,350720,FALSE,0.478,0.524,7,-7.588,1,0.0267,0.121,0,0.667,0.32,72.502,4,world-music
54,416323,FALSE,0.282,0.775,9,-5.33,1,0.0446,0.00428,0,0.35,0.224,82.702,4,world-music
49,328973,FALSE,0.279,0.664,0,-5.613,0,0.0389,0.0152,0,0.11,0.0527,144.168,4,world-music
46,378693,FALSE,0.446,0.504,7,-9.005,1,0.0274,0.00882,0.00974,0.37,0.136,142.004,4,world-music
22,183883,FALSE,0.506,0.795,11,-5.407,1,0.0307,0.13,0,0.217,0.639,75.037,4,world-music
22,291000,FALSE,0.21,0.122,7,-19.735,0,0.0362,0.955,0.722,0.118,0.0384,132.386,3,world-music
44,203320,FALSE,0.598,0.715,11,-6.036,1,0.0449,0.0111,0,0.233,0.319,95.028,4,world-music
32,290764,FALSE,0.353,0.723,1,-7.409,0,0.0738,0.215,0,0.598,0.176,143.994,4,world-music
42,312666,FALSE,0.291,0.17,0,-12.116,1,0.033,0.814,0,0.128,0.264,127.708,4,world-music
33,339082,FALSE,0.403,0.196,8,-11.488,1,0.0344,0.803,0,0.105,0.169,127.274,4,world-music
23,236000,FALSE,0.495,0.614,2,-8.616,1,0.0343,0.0423,2.22e-05,0.112,0.178,142.049,4,world-music
22,108570,FALSE,0.183,0.823,2,-29.707,1,0.0712,0.543,0.92,0.921,0.00766,83.046,4,world-music
35,339994,FALSE,0.362,0.728,0,-8.105,1,0.046,0.027,0,0.0681,0.0557,163.941,4,world-music
23,500600,FALSE,0.385,0.586,2,-8.668,1,0.035,0.0348,0,0.976,0.0776,143.119,4,world-music
23,387997,FALSE,0.251,0.00627,7,-29.792,0,0.0295,0.64,0.933,0.112,0.0463,143.844,3,world-music
39,424906,FALSE,0.356,0.668,11,-6.695,1,0.0336,0.0221,0.000112,0.148,0.0531,76.964,4,world-music
36,256790,FALSE,0.484,0.68,9,-8.489,1,0.0317,0.00226,0,0.136,0.189,75.007,4,world-music
48,219000,FALSE,0.488,0.875,10,-4.645,1,0.101,0.00585,0,0.0793,0.486,119.995,4,world-music
23,329352,FALSE,0.113,0.169,6,-16.514,1,0.0413,0.979,0.951,0.116,0.0383,74.423,3,world-music
23,324999,FALSE,0.0688,0.0434,5,-23.135,0,0.0407,0.981,0.868,0.104,0.038,70.747,4,world-music
39,348619,FALSE,0.42,0.553,5,-8.049,1,0.0332,0.141,0,0.103,0.214,143.804,4,world-music
23,292000,FALSE,0.0997,0.04,5,-21.754,1,0.0401,0.968,0.669,0.0888,0.0327,72.379,4,world-music
37,454912,FALSE,0.534,0.539,4,-9.436,1,0.031,0.0235,0,0.075,0.0655,103.975,4,world-music
40,420280,FALSE,0.203,0.54,0,-8.723,1,0.0332,0.0859,0.00127,0.921,0.0638,109.62,4,world-music
43,251933,FALSE,0.481,0.691,10,-4.253,1,0.026,0.00158,0,0.177,0.428,83.984,4,world-music
40,291565,FALSE,0.454,0.427,2,-8.049,1,0.029,0.0205,0,0.69,0.184,135.887,4,world-music
23,416178,FALSE,0.417,0.688,8,-7.356,1,0.0397,0.00401,1.24e-05,0.0619,0.283,155.676,4,world-music
45,250426,FALSE,0.478,0.347,0,-7.43,1,0.0261,0.0672,0,0.0838,0.28,99.947,3,world-music
37,413889,FALSE,0.511,0.423,0,-8.902,1,0.0285,0.0846,0,0.218,0.167,139.855,4,world-music
23,272600,FALSE,0.641,0.306,7,-11.56,0,0.094,0.867,0,0.341,0.746,77.944,4,world-music
40,294368,FALSE,0.204,0.242,7,-12.121,1,0.0354,0.608,0,0.174,0.0765,134.742,4,world-music
48,195846,FALSE,0.321,0.148,0,-13.452,1,0.0311,0.81,0,0.131,0.166,139.766,3,world-music
44,249080,FALSE,0.525,0.718,2,-5.464,1,0.0433,0.0427,0,0.147,0.288,90.016,4,world-music
36,207800,FALSE,0.459,0.734,1,-6.151,1,0.0424,0.0052,0,0.25,0.39,76.011,4,world-music
34,223400,FALSE,0.385,0.786,0,-5.198,1,0.0406,0.00486,0,0.209,0.382,159.923,4,world-music
40,352520,FALSE,0.488,0.555,8,-6.777,1,0.0271,0.136,0,0.114,0.202,143.886,4,world-music
22,302185,FALSE,0,0.224,8,-10.224,1,0,0.142,0.986,0.411,0,0,0,world-music
23,298080,FALSE,0.389,0.685,7,-8.478,1,0.0327,0.00859,9.45e-05,0.122,0.125,75.019,4,world-music
47,217651,FALSE,0.361,0.43,1,-8.438,1,0.0451,0.0985,2.68e-06,0.0736,0.251,141.802,4,world-music
41,205840,FALSE,0.4,0.284,7,-11.616,1,0.0265,0.378,3.13e-05,0.55,0.236,82.544,4,world-music
23,523893,FALSE,0.473,0.109,7,-17.631,1,0.0315,0.976,0.896,0.0983,0.146,96.008,4,world-music
47,300933,FALSE,0.144,0.644,0,-6.666,1,0.0431,0.0166,0,0.0934,0.138,185.57,3,world-music
22,354000,FALSE,0.177,0.17,3,-30.298,0,0.0443,0.971,0.957,0.102,0.243,136.492,3,world-music
49,264680,FALSE,0.466,0.486,11,-10.731,1,0.0288,0.82,4.5e-05,0.156,0.186,136.949,4,world-music
34,318373,FALSE,0.515,0.854,9,-6.375,1,0.0394,0.0256,0.00023,0.1,0.288,103.448,4,world-music
45,522200,FALSE,0.373,0.477,0,-8.052,1,0.0271,0.409,0.000425,0.0811,0.095,143.869,4,world-music
30,210161,FALSE,0.365,0.487,9,-6.523,1,0.0374,0.204,0,0.0934,0.474,207.881,3,world-music
23,224533,FALSE,0.581,0.427,4,-13.769,0,0.0354,0.796,0,0.282,0.864,77.895,4,world-music
42,265306,FALSE,0.471,0.551,11,-6.897,1,0.0326,0.188,0,0.133,0.195,135.866,4,world-music
47,213076,FALSE,0.387,0.379,6,-12.589,1,0.0292,0.748,0.00258,0.0898,0.404,80.754,4,world-music
39,295239,FALSE,0.395,0.389,3,-7.506,1,0.0266,0.702,1.41e-06,0.101,0.129,74.738,3,world-music
43,201401,FALSE,0.373,0.225,0,-10.295,1,0.0279,0.148,0.00026,0.111,0.0857,96.014,3,world-music
59,293640,FALSE,0.575,0.43,8,-13.168,1,0.0363,0.822,0.000661,0.115,0.427,82.691,4,world-music
38,278586,FALSE,0.666,0.956,4,-3.09,1,0.0975,0.00455,1.6e-06,0.953,0.487,124.003,4,world-music
23,229320,FALSE,0.373,0.37,2,-12.215,1,0.0276,0.234,0.0294,0.106,0.149,77.853,4,world-music
39,274333,FALSE,0.315,0.39,4,-9.468,1,0.0316,0.649,0,0.476,0.253,135.354,3,world-music
36,210314,FALSE,0.633,0.694,0,-5.612,1,0.097,0.0998,0,0.0975,0.594,104.832,4,world-music
22,240962,FALSE,0.167,0.1,9,-22.747,1,0.0359,0.986,0.962,0.109,0.0349,85.407,4,world-music
23,467089,FALSE,0.396,0.42,5,-8.238,1,0.0315,0.694,0,0.132,0.355,131.472,4,world-music
22,356000,FALSE,0.158,0.0457,10,-20.763,1,0.0385,0.977,0.326,0.102,0.0337,74.084,4,world-music
22,214377,FALSE,0.226,0.125,7,-27.496,0,0.0363,0.958,0.928,0.105,0.108,74.1,3,world-music
23,266632,FALSE,0.473,0.474,6,-9.175,1,0.0558,0.395,0,0.163,0.251,140.746,4,world-music
23,266632,FALSE,0.473,0.474,6,-9.175,1,0.0558,0.395,0,0.163,0.251,140.746,4,world-music
50,519770,FALSE,0.462,0.613,9,-8.559,1,0.0328,0.254,7.74e-05,0.124,0.259,133.851,4,world-music
49,286851,FALSE,0.448,0.52,7,-7.17,1,0.0298,0.598,0,0.093,0.347,117.903,3,world-music
23,578680,FALSE,0.397,0.468,5,-8.151,1,0.0521,0.414,0,0.0971,0.266,135.012,4,world-music
22,281000,FALSE,0.241,0.281,11,-22.301,1,0.05,0.872,0.00257,0.113,0.166,124.982,3,world-music
48,284946,FALSE,0.514,0.803,6,-6.415,0,0.0495,0.0382,0,0.0899,0.262,128.001,4,world-music
40,240066,FALSE,0.297,0.676,8,-5.891,1,0.0409,0.0851,0,0.0802,0.172,148.151,4,world-music
36,232280,FALSE,0.348,0.386,2,-8.52,1,0.0284,0.399,1.11e-06,0.0706,0.334,131.437,3,world-music
35,409023,FALSE,0.319,0.412,4,-7.529,1,0.0308,0.509,0,0.253,0.148,139.661,4,world-music
48,219626,FALSE,0.576,0.837,0,-5.877,1,0.0326,0.000215,0,0.191,0.419,118.974,4,world-music
40,220393,FALSE,0.608,0.934,8,-7.437,1,0.0745,0.000791,0,0.378,0.438,124.036,4,world-music
23,231299,FALSE,0.567,0.865,8,-6.731,1,0.0357,0.000526,0.00187,0.353,0.444,131.984,4,world-music
39,348226,FALSE,0.296,0.348,4,-10.548,1,0.0295,0.249,0.297,0.444,0.0703,159.955,4,world-music
47,208000,FALSE,0.583,0.596,4,-7.159,1,0.0309,0.219,3.58e-05,0.114,0.478,82.996,3,world-music
37,327625,FALSE,0.301,0.297,2,-12.963,1,0.0354,0.419,0,0.111,0.146,129.829,4,world-music
22,144080,FALSE,0.514,0.156,9,-15.889,1,0.0423,0.958,0.93,0.111,0.158,142.513,4,world-music
23,384501,FALSE,0.266,0.318,0,-8.948,1,0.0429,0.265,0,0.713,0.219,190.389,3,world-music
22,371000,FALSE,0.088,0.123,0,-21.381,1,0.0428,0.99,0.869,0.0787,0.0342,70.189,3,world-music
41,777866,FALSE,0.237,0.161,2,-12.265,1,0.0326,0.778,0.00358,0.182,0.0812,104.997,4,world-music
34,282546,FALSE,0.29,0.209,2,-9.947,1,0.0341,0.778,6.03e-06,0.093,0.172,124.092,1,world-music
37,422426,FALSE,0.41,0.531,11,-7.9,1,0.0339,0.203,0.00121,0.182,0.074,87.955,4,world-music
21,200516,FALSE,0.599,0.0869,9,-20.312,1,0.0333,0.895,0.891,0.11,0.0762,105.02,4,world-music
21,105000,FALSE,0.259,0.0337,3,-35.648,1,0.0468,0.45,0.735,0.103,0.0358,78.003,3,world-music
21,108000,FALSE,0.166,0.0614,0,-32.625,1,0.0398,0.29,0.868,0.122,0.0489,71.805,3,world-music
22,356600,FALSE,0.314,0.264,6,-15.305,1,0.0417,0.698,0,0.101,0.454,92.669,4,world-music
41,473293,FALSE,0.503,0.315,0,-10.545,1,0.0252,0.436,1.31e-05,0.712,0.184,99.073,3,world-music
36,284186,FALSE,0.447,0.286,3,-9.486,1,0.0284,0.855,0,0.111,0.233,129.816,4,world-music
39,154385,FALSE,0.63,0.702,8,-5.355,1,0.0365,0.0559,0,0.0709,0.453,101.997,4,world-music
46,244639,FALSE,0.37,0.271,9,-8.894,1,0.03,0.157,0,0.116,0.112,123.921,4,world-music
45,337956,FALSE,0.376,0.467,10,-8.251,1,0.0292,0.0192,7.75e-05,0.222,0.0764,149.985,4,world-music
21,278726,FALSE,0.0903,0.00895,3,-31.771,1,0.0394,0.951,0.977,0.0942,0.0348,79.452,3,world-music
37,344080,FALSE,0.384,0.539,10,-7.433,1,0.0308,0.138,0,0.375,0.287,147.79,4,world-music
46,420386,FALSE,0.314,0.711,1,-5.927,0,0.0432,0.0283,4.85e-06,0.7,0.147,141.911,4,world-music
33,302360,FALSE,0.505,0.721,2,-5.164,1,0.0293,0.0297,0,0.544,0.233,96.011,4,world-music
21,120000,FALSE,0.229,0.986,10,-21.872,0,0.0577,0.103,0.0427,0.716,0.0148,112.275,3,world-music
41,348619,FALSE,0.42,0.553,5,-8.049,1,0.0332,0.141,0,0.103,0.214,143.804,4,world-music
37,267453,FALSE,0.627,0.843,2,-4.418,1,0.0276,0.0034,0,0.0573,0.744,96.483,4,world-music
48,199085,FALSE,0.513,0.546,4,-6.804,0,0.042,0.132,1.61e-06,0.158,0.226,74.879,4,world-music
35,222213,FALSE,0.464,0.784,7,-4.198,1,0.0276,0.00335,0,0.109,0.451,148.847,4,world-music
21,394999,FALSE,0.168,0.132,4,-23.575,0,0.0328,0.846,0.821,0.0953,0.0362,71.287,5,world-music
37,238586,FALSE,0.542,0.868,8,-6.726,1,0.0325,3.83e-05,0.00841,0.978,0.498,131.956,4,world-music
47,209608,FALSE,0.445,0.593,11,-7.496,0,0.16,0.0657,5.15e-05,0.297,0.326,171.774,4,world-music
28,257192,FALSE,0.48,0.15,0,-12.751,1,0.0293,0.846,3.44e-06,0.115,0.285,141.786,4,world-music
37,333813,FALSE,0.487,0.384,0,-11.071,1,0.0297,0.478,1.33e-05,0.1,0.164,131.963,4,world-music
47,201533,FALSE,0.552,0.449,7,-6.986,1,0.0375,0.362,0,0.0945,0.314,149.919,4,world-music
34,334173,FALSE,0.405,0.562,7,-7.929,1,0.0288,0.00775,1.37e-06,0.108,0.133,111.832,4,world-music
37,271680,FALSE,0.389,0.641,11,-6.54,1,0.029,0.0167,0,0.366,0.248,82.821,4,world-music
53,283066,FALSE,0.533,0.768,9,-7.223,1,0.0542,0.163,0,0.0847,0.396,140.005,4,world-music
45,213653,FALSE,0.651,0.561,11,-5.624,0,0.0506,0.274,0,0.143,0.469,143.959,4,world-music
21,369000,FALSE,0.109,0.187,0,-20.388,0,0.0354,0.933,0.979,0.162,0.0318,92.223,5,world-music
47,464398,FALSE,0.282,0.3,11,-10.28,1,0.035,0.466,0,0.107,0.266,155.654,4,world-music
22,224000,FALSE,0.208,0.015,5,-26.307,0,0.0457,0.991,0.894,0.102,0.133,64.803,4,world-music
47,327400,FALSE,0.317,0.562,11,-8.719,1,0.0343,0.0925,0,0.893,0.218,76.915,3,world-music
22,112198,FALSE,0.118,0.927,10,-32.297,0,0.0395,0.154,0.985,0.893,0.00398,150.37,5,world-music
41,256093,FALSE,0.301,0.456,7,-6.606,1,0.0259,0.34,2.46e-06,0.205,0.193,74.59,4,world-music
22,292567,FALSE,0.444,0.372,5,-10.232,1,0.042,0.312,0,0.0933,0.213,138.172,4,world-music
40,280373,FALSE,0.267,0.484,5,-9.222,1,0.0332,0.00284,2.69e-06,0.946,0.206,126.865,4,world-music
42,215733,FALSE,0.476,0.396,0,-10.916,1,0.026,0.31,0,0.658,0.199,72.157,4,world-music
22,289999,FALSE,0.0565,0.995,2,-21.042,0,0.352,0.867,0.000419,0.683,0.0101,53.465,3,world-music
47,232653,FALSE,0.521,0.396,11,-10.654,1,0.0468,0.828,0.000766,0.1,0.398,77.046,4,world-music
22,249733,FALSE,0.838,0.471,4,-9.141,0,0.0335,0.798,2.39e-05,0.239,0.855,103.008,4,world-music
21,255999,FALSE,0.176,0.222,5,-18.027,0,0.0391,0.965,0.737,0.126,0.0626,79.519,3,world-music
34,226182,FALSE,0.582,0.399,7,-11.004,1,0.0297,0.112,0,0.112,0.29,135.974,4,world-music
36,396646,FALSE,0.229,0.503,11,-8.769,1,0.03,0.0051,0,0.105,0.148,99.938,3,world-music
22,226160,FALSE,0.555,0.486,4,-11.584,0,0.0324,0.79,0,0.256,0.836,156.17,4,world-music
22,235000,FALSE,0.502,0.94,4,-6.427,1,0.0813,0.0135,0,0.366,0.318,123.03,4,world-music
23,268441,FALSE,0.558,0.834,0,-5.552,0,0.045,0.0357,1.29e-05,0.194,0.483,127.931,4,world-music
23,188917,FALSE,0.546,0.463,9,-9.482,0,0.0404,0.432,2.17e-05,0.373,0.487,127.358,4,world-music
50,326652,FALSE,0.557,0.393,2,-8.304,1,0.0331,0.11,0,0.38,0.238,114.048,4,world-music
44,338694,FALSE,0.404,0.676,10,-5.468,1,0.0354,0.0274,0,0.352,0.163,144.056,3,world-music
33,282106,FALSE,0.524,0.823,9,-6.284,1,0.0389,0.00588,0,0.0781,0.309,91.973,4,world-music
43,307933,FALSE,0.32,0.583,6,-5.708,1,0.0335,0.0326,0,0.205,0.312,155.705,4,world-music
38,247340,FALSE,0.408,0.719,3,-5.361,1,0.0288,0.000299,0,0.333,0.183,77.975,4,world-music
46,246619,FALSE,0.453,0.498,2,-8.341,1,0.0427,0.879,2.27e-05,0.106,0.178,137.831,4,world-music
41,263893,FALSE,0.38,0.265,9,-10.763,0,0.0302,0.669,2.2e-06,0.12,0.106,127.692,3,world-music
47,228762,FALSE,0.428,0.599,9,-5.508,0,0.0586,0.0132,0,0.268,0.253,119.993,4,world-music
40,129933,FALSE,0.34,0.32,7,-15.807,1,0.0495,0.906,0,0.976,0.575,66.443,4,world-music
50,456981,FALSE,0.319,0.229,2,-10.504,1,0.0324,0.888,0.000167,0.11,0.146,123.835,4,world-music
47,273148,FALSE,0.509,0.2,2,-13.489,1,0.0337,0.83,5.53e-06,0.0631,0.107,129.574,4,world-music
39,291600,FALSE,0.343,0.586,0,-6.962,1,0.0346,0.147,0,0.694,0.155,77.979,4,world-music
45,297000,FALSE,0.383,0.836,3,-4.788,1,0.0468,0.101,0,0.229,0.26,146.052,4,world-music
40,248053,FALSE,0.374,0.829,9,-3.49,1,0.0365,0.13,0,0.141,0.228,143.972,4,world-music
40,357120,FALSE,0.226,0.845,0,-5.346,1,0.0425,4.21e-05,3.04e-05,0.635,0.153,69.773,3,world-music
21,125580,FALSE,0.21,0.0712,9,-26.1,1,0.0518,0.501,0.922,0.111,0.0387,62.201,3,world-music
44,333080,FALSE,0.418,0.786,9,-5.257,1,0.0471,0.0105,0,0.342,0.0656,139.92,4,world-music
46,332604,FALSE,0.392,0.668,9,-7.342,1,0.0296,0.00356,0.00056,0.588,0.115,148.013,4,world-music
21,89274,FALSE,0.581,0.0618,0,-23.637,1,0.046,0.981,0.952,0.101,0.402,65.978,4,world-music
47,493293,FALSE,0.37,0.831,4,-4.484,1,0.0442,0.0129,0.000122,0.109,0.185,148.008,4,world-music
21,96302,FALSE,0.121,0.242,8,-17.98,1,0.0375,0.000878,0.813,0.12,0.0362,85.784,4,world-music
21,359003,FALSE,0.312,0.033,9,-25.894,1,0.0307,0.853,0.851,0.114,0.0639,79.655,4,world-music
21,170387,FALSE,0.17,0.052,2,-28.693,1,0.0374,0.875,0.904,0.129,0.0475,114.573,4,world-music
44,260839,FALSE,0.319,0.577,4,-7.679,1,0.033,0.0499,0,0.729,0.189,97.678,4,world-music
34,285120,FALSE,0.618,0.419,6,-6.156,1,0.0279,0.309,0,0.107,0.373,131.973,4,world-music
38,214647,FALSE,0.611,0.857,0,-6.248,0,0.0384,0.00182,0,0.326,0.464,128.001,4,world-music
42,253546,FALSE,0.522,0.697,2,-7.21,1,0.0344,0.0557,0,0.134,0.288,75.972,4,world-music
21,290999,FALSE,0.0672,0.0903,9,-23.496,1,0.0401,0.97,0.977,0.093,0.0361,76.042,4,world-music
21,260506,FALSE,0.405,0.283,4,-9.471,1,0.03,0.894,0.806,0.119,0.0813,99.947,4,world-music
22,143403,FALSE,0.417,0.967,5,-27.146,0,0.0503,0.924,0.958,0.696,0.0147,65.002,4,world-music
41,238146,FALSE,0.516,0.634,7,-4.85,1,0.0339,0.03,1.89e-06,0.0813,0.0921,76.994,4,world-music
39,289179,FALSE,0.498,0.957,1,-5.807,0,0.162,0.00527,0,0.477,0.205,128.028,4,world-music
36,352453,FALSE,0.437,0.638,4,-6.483,0,0.0308,0.211,0.000428,0.138,0.159,148,4,world-music
37,377697,FALSE,0.363,0.462,7,-8.232,1,0.0284,0.00887,8.81e-06,0.706,0.0687,80.003,4,world-music
44,237280,FALSE,0.541,0.583,2,-7.047,1,0.0285,0.0142,0,0.102,0.276,96.008,4,world-music
22,318874,FALSE,0.438,0.577,5,-8.285,1,0.0357,0.0206,1.29e-05,0.253,0.114,139.983,4,world-music
21,335999,FALSE,0.198,0.257,8,-17.361,1,0.0415,0.968,0.949,0.11,0.0381,89.494,4,world-music
40,246306,FALSE,0.47,0.938,11,-4.722,0,0.105,0.000529,0,0.251,0.453,128.002,4,world-music
38,462397,FALSE,0.296,0.762,2,-5.696,1,0.0548,0.0724,2.68e-06,0.374,0.146,139.051,4,world-music
22,380344,FALSE,0.495,0.281,2,-12.07,1,0.0316,0.392,0,0.662,0.206,127.731,4,world-music
22,369049,FALSE,0.579,0.245,4,-16.357,1,0.0384,0.97,0.924,0.101,0.302,112.011,3,world-music
32,250629,FALSE,0.387,0.531,8,-4.788,1,0.029,0.00305,0,0.201,0.153,146.003,4,world-music
38,312566,FALSE,0.475,0.86,10,-4.722,1,0.0421,0.0065,1.72e-06,0.246,0.427,113.949,4,world-music
39,256026,FALSE,0.505,0.687,10,-4.375,1,0.0287,0.0841,0,0.188,0.382,104.083,3,world-music
22,305454,FALSE,0.331,0.171,1,-15.668,1,0.035,0.92,0.0229,0.0679,0.327,132.147,3,world-music
21,384999,FALSE,0.172,0.235,5,-16.393,1,0.0422,0.64,0.928,0.0863,0.0339,125.995,5,world-music
22,385000,FALSE,0.174,0.117,0,-18.318,0,0.0401,0.994,0.976,0.105,0.035,85.239,4,world-music
22,271466,FALSE,0.629,0.329,0,-10.895,0,0.042,0.867,0,0.0839,0.743,132.378,4,world-music
41,283893,FALSE,0.587,0.506,7,-10.889,1,0.0297,0.381,0,0.27,0.413,135.96,4,world-music
